DATE,TIME,OPEN,HIGH,LOW,CLOSE,TICKVOL,VOL,SPREAD,plus_7_tokyoTime
2020.09.23,18:00:00,23322,23342,23295,23302,558,0,7,01:00:00
2020.09.23,18:30:00,23302,23307,23277,23277,379,0,7,01:30:00
2020.09.23,19:00:00,23282,23317,23272,23312,367,0,7,02:00:00
2020.09.24,18:00:00,23101,23151,23066,23126,423,0,6,01:00:00
2020.09.24,18:30:00,23126,23159,23121,23156,362,0,6,01:30:00
2020.09.24,19:00:00,23156,23174,23146,23151,291,0,6,02:00:00
2020.09.25,18:00:00,23121,23146,23096,23136,426,0,6,01:00:00
2020.09.25,18:30:00,23136,23156,23111,23111,342,0,6,01:30:00
2020.09.25,19:00:00,23111,23155,23111,23141,249,0,7,02:00:00
2020.09.28,18:00:00,23467,23512,23460,23507,382,0,7,01:00:00
2020.09.28,18:30:00,23510,23522,23502,23517,347,0,7,01:30:00
2020.09.28,19:00:00,23520,23520,23487,23497,167,0,7,02:00:00
2020.09.29,18:00:00,23438,23483,23423,23466,247,0,7,01:00:00
2020.09.29,18:30:00,23463,23488,23418,23438,370,0,7,01:30:00
2020.09.29,19:00:00,23438,23458,23417,23456,349,0,7,02:00:00
2020.09.30,18:00:00,23343,23353,23328,23333,296,0,7,01:00:00
2020.09.30,18:30:00,23333,23343,23298,23328,386,0,7,01:30:00
2020.09.30,19:00:00,23328,23348,23328,23343,171,0,7,02:00:00
2020.10.01,18:00:00,23302,23317,23282,23297,436,0,3,01:00:00
2020.10.01,18:30:00,23302,23317,23287,23312,244,0,3,01:30:00
2020.10.01,19:00:00,23312,23312,23272,23312,303,0,3,02:00:00
2020.10.02,18:00:00,23117,23162,23107,23157,395,0,3,01:00:00
2020.10.02,18:30:00,23157,23162,23102,23107,335,0,4,01:30:00
2020.10.02,19:00:00,23103,23187,23087,23172,624,0,3,02:00:00
2020.10.05,18:00:00,23362,23382,23357,23367,284,0,3,01:00:00
2020.10.05,18:30:00,23367,23367,23347,23357,192,0,4,01:30:00
2020.10.05,19:00:00,23357,23358,23347,23352,116,0,4,02:00:00
2020.10.06,18:00:00,23377,23392,23367,23372,272,0,3,01:00:00
2020.10.06,18:30:00,23372,23382,23352,23362,177,0,3,01:30:00
2020.10.06,19:00:00,23362,23377,23357,23372,150,0,3,02:00:00
2020.10.07,18:00:00,23442,23462,23442,23457,183,0,4,01:00:00
2020.10.07,18:30:00,23453,23462,23452,23452,96,0,3,01:30:00
2020.10.07,19:00:00,23452,23462,23417,23427,201,0,3,02:00:00
2020.10.08,18:00:00,23637,23647,23607,23617,259,0,3,01:00:00
2020.10.08,18:30:00,23617,23617,23577,23592,294,0,3,01:30:00
2020.10.08,19:00:00,23592,23627,23592,23622,118,0,3,02:00:00
2020.10.09,18:00:00,23557,23572,23547,23552,132,0,4,01:00:00
2020.10.09,18:30:00,23552,23597,23552,23592,270,0,3,01:30:00
2020.10.09,19:00:00,23592,23602,23573,23582,134,0,3,02:00:00
2020.10.12,18:00:00,23562,23592,23562,23582,117,0,3,01:00:00
2020.10.12,18:30:00,23582,23592,23567,23572,191,0,3,01:30:00
2020.10.12,19:00:00,23568,23612,23568,23612,119,0,3,02:00:00
2020.10.13,18:00:00,23528,23538,23512,23528,239,0,3,01:00:00
2020.10.13,18:30:00,23528,23543,23522,23533,193,0,3,01:30:00
2020.10.13,19:00:00,23533,23543,23523,23543,107,0,3,02:00:00
2020.10.14,18:00:00,23592,23597,23578,23582,325,0,3,01:00:00
2020.10.14,18:30:00,23582,23582,23543,23547,329,0,3,01:30:00
2020.10.14,19:00:00,23547,23571,23532,23547,405,0,3,02:00:00
2020.10.15,18:00:00,23382,23412,23367,23392,329,0,3,01:00:00
2020.10.15,18:30:00,23392,23447,23392,23437,428,0,3,01:30:00
2020.10.15,19:00:00,23432,23452,23432,23437,298,0,3,02:00:00
2020.10.16,18:00:00,23543,23547,23517,23527,325,0,3,01:00:00
2020.10.16,18:30:00,23527,23547,23527,23547,238,0,3,01:30:00
2020.10.16,19:00:00,23543,23547,23517,23532,187,0,3,02:00:00
2020.10.19,18:00:00,23627,23637,23598,23612,380,0,3,01:00:00
2020.10.19,18:30:00,23612,23627,23597,23602,396,0,3,01:30:00
2020.10.19,19:00:00,23598,23617,23592,23602,313,0,3,02:00:00
2020.10.20,18:00:00,23582,23587,23562,23577,416,0,3,01:00:00
2020.10.20,18:30:00,23577,23592,23557,23587,294,0,3,01:30:00
2020.10.20,19:00:00,23587,23602,23583,23592,95,0,3,02:00:00
2020.10.21,18:00:00,23542,23542,23513,23537,497,0,3,01:00:00
2020.10.21,18:30:00,23538,23552,23532,23537,372,0,3,01:30:00
2020.10.21,19:00:00,23537,23577,23532,23552,585,0,3,02:00:00
2020.10.22,18:00:00,23522,23562,23518,23557,299,0,3,01:00:00
2020.10.22,18:30:00,23557,23557,23532,23537,369,0,3,01:30:00
2020.10.22,19:00:00,23537,23557,23532,23547,175,0,3,02:00:00
2020.10.23,18:00:00,23527,23537,23512,23532,382,0,3,01:00:00
2020.10.23,18:30:00,23532,23542,23518,23527,219,0,3,01:30:00
2020.10.23,19:00:00,23523,23532,23502,23507,369,0,3,02:00:00
2020.10.26,18:00:00,23402,23422,23392,23407,508,0,3,01:00:00
2020.10.26,18:30:00,23407,23407,23382,23387,328,0,3,01:30:00
2020.10.26,19:00:00,23387,23412,23373,23377,213,0,3,02:00:00
2020.10.27,18:00:00,23407,23417,23397,23407,294,0,3,01:00:00
2020.10.27,18:30:00,23407,23407,23387,23398,248,0,3,01:30:00
2020.10.27,19:00:00,23397,23407,23387,23407,252,0,3,02:00:00
2020.10.28,18:00:00,23178,23198,23147,23153,716,0,3,01:00:00
2020.10.28,18:30:00,23153,23163,23112,23128,426,0,3,01:30:00
2020.10.28,19:00:00,23128,23133,23088,23123,416,0,3,02:00:00
2020.10.29,18:00:00,23257,23287,23247,23277,720,0,8,01:00:00
2020.10.29,18:30:00,23272,23302,23272,23287,434,0,8,01:30:00
2020.10.29,19:00:00,23292,23312,23267,23307,367,0,8,02:00:00
2020.10.30,18:00:00,23092,23127,23087,23117,600,0,8,01:00:00
2020.10.30,18:30:00,23117,23122,23087,23092,620,0,8,01:30:00
2020.10.30,19:00:00,23092,23117,23077,23097,500,0,8,02:00:00
2020.11.02,18:00:00,23387,23397,23362,23392,523,0,8,01:00:00
2020.11.02,18:30:00,23392,23412,23387,23392,403,0,8,01:30:00
2020.11.02,19:00:00,23392,23397,23377,23392,446,0,8,02:00:00
2020.11.03,18:00:00,23867,23887,23852,23862,423,0,8,01:00:00
2020.11.03,18:30:00,23862,23907,23857,23862,342,0,7,01:30:00
2020.11.03,19:00:00,23862,23867,23842,23862,509,0,8,02:00:00
2020.11.04,18:00:00,23907,23927,23867,23912,301,0,8,01:00:00
2020.11.04,18:30:00,23912,23967,23887,23967,358,0,8,01:30:00
2020.11.04,19:00:00,23962,24002,23957,23982,377,0,8,02:00:00
2020.11.05,18:00:00,24292,24297,24227,24267,553,0,8,01:00:00
2020.11.05,18:30:00,24267,24272,24217,24237,550,0,8,01:30:00
2020.11.05,19:00:00,24237,24257,24187,24202,534,0,8,02:00:00
2020.11.06,18:00:00,24368,24418,24368,24378,842,0,1,01:00:00
2020.11.06,18:30:00,24378,24413,24373,24398,363,0,1,01:30:00
2020.11.06,19:00:00,24398,24418,24373,24388,279,0,1,02:00:00
2020.11.09,18:00:00,25631,25646,25536,25572,587,0,7,01:00:00
2020.11.09,18:30:00,25572,25582,25487,25497,762,0,3,01:30:00
2020.11.09,19:00:00,25497,25582,25471,25577,856,0,1,02:00:00
2020.11.10,18:00:00,25231,25297,25226,25297,155,0,3,01:00:00
2020.11.10,18:30:00,25327,25367,25292,25361,440,0,1,01:30:00
2020.11.10,19:00:00,25357,25446,25352,25417,411,0,1,02:00:00
2020.11.11,18:00:00,25671,25686,25646,25677,338,0,2,01:00:00
2020.11.11,18:30:00,25677,25681,25641,25666,195,0,4,01:30:00
2020.11.11,19:00:00,25666,25666,25631,25636,142,0,4,02:00:00
2020.11.12,18:00:00,25436,25451,25411,25446,447,0,4,01:00:00
2020.11.12,18:30:00,25446,25456,25376,25411,449,0,8,01:30:00
2020.11.12,19:00:00,25411,25441,25391,25391,316,0,8,02:00:00
2020.11.13,18:00:00,25400,25465,25400,25435,386,0,4,01:00:00
2020.11.13,18:30:00,25435,25455,25415,25445,268,0,9,01:30:00
2020.11.13,19:00:00,25445,25460,25430,25450,184,0,9,02:00:00
2020.11.16,18:00:00,26140,26140,26076,26090,436,0,9,01:00:00
2020.11.16,18:30:00,26090,26105,26060,26065,333,0,9,01:30:00
2020.11.16,19:00:00,26065,26090,26030,26040,335,0,5,02:00:00
2020.11.17,18:00:00,26016,26040,26005,26021,461,0,6,01:00:00
2020.11.17,18:30:00,26021,26041,26006,26016,330,0,6,01:30:00
2020.11.17,19:00:00,26016,26046,26005,26015,369,0,4,02:00:00
2020.11.18,18:00:00,25850,25875,25845,25865,307,0,9,01:00:00
2020.11.18,18:30:00,25870,25870,25845,25860,217,0,9,01:30:00
2020.11.18,19:00:00,25860,25875,25850,25855,194,0,9,02:00:00
2020.11.19,18:00:00,25546,25570,25525,25545,357,0,8,01:00:00
2020.11.19,18:30:00,25546,25560,25525,25535,278,0,4,01:30:00
2020.11.19,19:00:00,25535,25545,25500,25520,287,0,8,02:00:00
2020.11.20,18:00:00,25650,25685,25650,25681,357,0,8,01:00:00
2020.11.20,18:30:00,25685,25715,25670,25680,431,0,8,01:30:00
2020.11.20,19:00:00,25681,25685,25660,25685,228,0,9,02:00:00
2020.11.23,18:00:00,25982,25992,25897,25936,571,0,8,01:00:00
2020.11.23,18:30:00,25937,25937,25882,25902,462,0,4,01:30:00
2020.11.23,19:00:00,25902,25942,25881,25926,393,0,8,02:00:00
2020.11.24,18:00:00,26471,26491,26446,26486,373,0,5,01:00:00
2020.11.24,18:30:00,26486,26511,26466,26486,421,0,9,01:30:00
2020.11.24,19:00:00,26486,26486,26456,26466,337,0,5,02:00:00
2020.11.25,18:00:00,26296,26326,26286,26326,412,0,9,01:00:00
2020.11.25,18:30:00,26321,26337,26301,26336,377,0,5,01:30:00
2020.11.25,19:00:00,26336,26356,26311,26311,421,0,5,02:00:00
2020.11.26,18:00:00,26476,26506,26476,26491,275,0,9,01:00:00
2020.11.26,18:30:00,26491,26496,26476,26491,178,0,5,01:30:00
2020.11.26,19:00:00,26491,26491,26461,26461,217,0,9,02:00:00
2020.11.27,18:00:00,26761,26771,26736,26766,363,0,8,01:00:00
2020.11.27,18:30:00,26766,26771,26736,26756,467,0,8,01:30:00
2020.11.27,19:00:00,26756,26766,26736,26741,249,0,8,02:00:00
2020.11.30,18:00:00,26492,26522,26422,26422,675,0,8,01:00:00
2020.11.30,18:30:00,26422,26472,26362,26462,964,0,6,01:30:00
2020.11.30,19:00:00,26462,26467,26431,26447,505,0,8,02:00:00
2020.12.01,18:00:00,26901,26946,26901,26941,221,0,8,01:00:00
2020.12.01,18:30:00,26941,26971,26896,26901,490,0,8,01:30:00
2020.12.01,19:00:00,26901,26946,26896,26926,277,0,5,02:00:00
2020.12.02,18:00:00,26831,26852,26812,26837,263,0,8,01:00:00
2020.12.02,18:30:00,26837,26871,26826,26852,223,0,8,01:30:00
2020.12.02,19:00:00,26852,26857,26822,26837,218,0,8,02:00:00
2020.12.03,18:00:00,26796,26807,26767,26797,261,0,8,01:00:00
2020.12.03,18:30:00,26797,26826,26796,26822,180,0,8,01:30:00
2020.12.03,19:00:00,26822,26832,26787,26797,249,0,8,02:00:00
2020.12.04,18:00:00,26836,26856,26826,26846,241,0,5,01:00:00
2020.12.04,18:30:00,26846,26866,26841,26861,144,0,9,01:30:00
2020.12.04,19:00:00,26861,26861,26827,26846,143,0,9,02:00:00
2020.12.07,18:00:00,26486,26506,26471,26501,219,0,9,01:00:00
2020.12.07,18:30:00,26501,26521,26481,26496,243,0,5,01:30:00
2020.12.07,19:00:00,26501,26502,26476,26491,259,0,9,02:00:00
2020.12.08,18:00:00,26486,26511,26486,26506,233,0,9,01:00:00
2020.12.08,18:30:00,26506,26516,26496,26511,188,0,9,01:30:00
2020.12.08,19:00:00,26511,26526,26511,26521,91,0,4,02:00:00
2020.12.09,18:00:00,26762,26766,26731,26751,437,0,9,01:00:00
2020.12.09,18:30:00,26756,26776,26727,26771,335,0,9,01:30:00
2020.12.09,19:00:00,26771,26771,26736,26746,292,0,9,02:00:00
2020.12.10,18:00:00,26739,26754,26724,26734,330,0,6,01:00:00
2020.12.10,18:30:00,26729,26734,26679,26689,425,0,8,01:30:00
2020.12.10,19:00:00,26684,26714,26679,26709,191,0,8,02:00:00
2020.12.11,18:00:00,26510,26540,26500,26510,303,0,3,01:00:00
2020.12.11,18:30:00,26510,26515,26489,26505,260,0,4,01:30:00
2020.12.11,19:00:00,26505,26515,26465,26485,263,0,8,02:00:00
2020.12.14,18:00:00,26760,26774,26735,26739,292,0,9,01:00:00
2020.12.14,18:30:00,26735,26754,26719,26749,369,0,9,01:30:00
2020.12.14,19:00:00,26754,26774,26744,26769,244,0,9,02:00:00
2020.12.15,18:00:00,26754,26764,26729,26759,300,0,9,01:00:00
2020.12.15,18:30:00,26759,26764,26749,26764,141,0,9,01:30:00
2020.12.15,19:00:00,26759,26789,26759,26784,82,0,9,02:00:00
2020.12.16,18:00:00,26760,26780,26755,26775,182,0,8,01:00:00
2020.12.16,18:30:00,26775,26785,26769,26785,129,0,8,01:30:00
2020.12.16,19:00:00,26785,26790,26775,26780,81,0,8,02:00:00
2020.12.17,18:00:00,26804,26830,26800,26825,86,0,8,01:00:00
2020.12.17,18:30:00,26825,26825,26794,26815,143,0,9,01:30:00
2020.12.17,19:00:00,26810,26815,26800,26805,55,0,9,02:00:00
2020.12.18,18:00:00,26769,26774,26729,26749,283,0,5,01:00:00
2020.12.18,18:30:00,26749,26764,26744,26759,211,0,9,01:30:00
2020.12.18,19:00:00,26759,26774,26754,26764,76,0,9,02:00:00
2020.12.21,18:00:00,26343,26393,26338,26383,348,0,9,01:00:00
2020.12.21,18:30:00,26383,26428,26378,26413,270,0,9,01:30:00
2020.12.21,19:00:00,26413,26459,26413,26458,231,0,9,02:00:00
2020.12.22,18:00:00,26569,26604,26554,26574,391,0,8,01:00:00
2020.12.22,18:30:00,26574,26574,26499,26524,351,0,8,01:30:00
2020.12.22,19:00:00,26524,26554,26523,26549,168,0,8,02:00:00
2020.12.23,18:00:00,26708,26728,26703,26708,181,0,5,01:00:00
2020.12.23,18:30:00,26713,26728,26688,26723,89,0,9,01:30:00
2020.12.23,19:00:00,26723,26733,26713,26723,54,0,7,02:00:00
2020.12.24,18:00:00,26682,26687,26677,26682,102,0,9,01:00:00
2020.12.24,18:30:00,26682,26687,26672,26677,87,0,9,01:30:00
2020.12.24,19:00:00,26677,26677,26652,26657,54,0,9,02:00:00
2020.12.28,18:00:00,26947,26987,26947,26977,89,0,9,01:00:00
2020.12.28,18:30:00,26977,26982,26957,26962,113,0,8,01:30:00
2020.12.28,19:00:00,26962,26972,26957,26972,39,0,8,02:00:00
2020.12.29,18:00:00,27558,27558,27503,27548,229,0,4,01:00:00
2020.12.29,18:30:00,27553,27563,27533,27553,261,0,4,01:30:00
2020.12.29,19:00:00,27553,27573,27513,27528,295,0,8,02:00:00
2020.12.30,18:00:00,27563,27618,27563,27568,201,0,8,01:00:00
2020.12.30,18:30:00,27568,27608,27563,27593,259,0,8,01:30:00
2020.12.30,19:00:00,27598,27603,27578,27588,174,0,4,02:00:00
2020.12.31,18:00:00,27503,27518,27473,27488,119,0,8,01:00:00
2020.12.31,18:30:00,27488,27493,27458,27473,90,0,8,01:30:00
2020.12.31,19:00:00,27473,27493,27473,27488,41,0,9,02:00:00
2021.01.04,18:00:00,27254,27278,27159,27263,827,0,4,01:00:00
2021.01.04,18:30:00,27258,27268,27138,27143,629,0,8,01:30:00
2021.01.04,19:00:00,27138,27158,27048,27158,918,0,8,02:00:00
2021.01.05,18:00:00,27064,27094,27039,27089,547,0,4,01:00:00
2021.01.05,18:30:00,27089,27134,27079,27084,424,0,7,01:30:00
2021.01.05,19:00:00,27088,27139,27083,27119,293,0,7,02:00:00
2021.01.06,18:00:00,27387,27417,27362,27413,438,0,4,01:00:00
2021.01.06,18:30:00,27413,27413,27348,27377,255,0,4,01:30:00
2021.01.06,19:00:00,27377,27432,27377,27427,173,0,8,02:00:00
2021.01.07,18:00:00,27617,27642,27576,27607,283,0,4,01:00:00
2021.01.07,18:30:00,27611,27621,27551,27561,275,0,8,01:30:00
2021.01.07,19:00:00,27561,27571,27541,27556,261,0,8,02:00:00
2021.01.08,18:00:00,28180,28195,28130,28160,381,0,8,01:00:00
2021.01.08,18:30:00,28160,28190,28140,28185,247,0,8,01:30:00
2021.01.08,19:00:00,28185,28215,28155,28200,227,0,8,02:00:00
2021.01.11,18:00:00,28095,28100,28016,28090,423,0,8,01:00:00
2021.01.11,18:30:00,28090,28120,28075,28105,188,0,8,01:30:00
2021.01.11,19:00:00,28105,28120,28075,28085,127,0,9,02:00:00
2021.01.12,18:00:00,28211,28226,28187,28192,308,0,8,01:00:00
2021.01.12,18:30:00,28192,28197,28147,28182,247,0,8,01:30:00
2021.01.12,19:00:00,28182,28182,28087,28152,384,0,9,02:00:00
2021.01.13,18:00:00,28482,28497,28450,28460,290,0,9,01:00:00
2021.01.13,18:30:00,28460,28480,28432,28437,638,0,9,01:30:00
2021.01.13,19:00:00,28437,28450,28407,28432,212,0,9,02:00:00
2021.01.14,18:00:00,28904,28929,28889,28904,191,0,8,01:00:00
2021.01.14,18:30:00,28904,28934,28894,28896,197,0,9,01:30:00
2021.01.14,19:00:00,28901,28931,28891,28916,126,0,9,02:00:00
2021.01.15,18:00:00,28321,28376,28261,28361,457,0,9,01:00:00
2021.01.15,18:30:00,28361,28376,28336,28361,263,0,9,01:30:00
2021.01.15,19:00:00,28361,28376,28331,28341,295,0,9,02:00:00
2021.01.18,18:00:00,28325,28330,28320,28325,41,0,9,01:00:00
2021.01.18,18:30:00,28325,28345,28320,28340,68,0,9,01:30:00
2021.01.18,19:00:00,28340,28345,28325,28325,45,0,9,02:00:00
2021.01.19,18:00:00,28640,28675,28575,28605,366,0,9,01:00:00
2021.01.19,18:30:00,28605,28650,28585,28630,247,0,9,01:30:00
2021.01.19,19:00:00,28630,28660,28625,28645,117,0,9,02:00:00
2021.01.20,18:00:00,28575,28600,28550,28585,185,0,9,01:00:00
2021.01.20,18:30:00,28585,28615,28580,28605,179,0,9,01:30:00
2021.01.20,19:00:00,28605,28620,28600,28610,127,0,9,02:00:00
2021.01.21,18:00:00,28625,28640,28605,28615,164,0,9,01:00:00
2021.01.21,18:30:00,28615,28620,28550,28575,158,0,9,01:30:00
2021.01.21,19:00:00,28575,28575,28510,28540,224,0,9,02:00:00
2021.01.22,18:00:00,28550,28575,28540,28545,121,0,9,01:00:00
2021.01.22,18:30:00,28545,28615,28540,28615,150,0,9,01:30:00
2021.01.22,19:00:00,28615,28650,28605,28635,197,0,9,02:00:00
2021.01.25,18:00:00,28605,28620,28470,28560,775,0,9,01:00:00
2021.01.25,18:30:00,28560,28675,28545,28675,348,0,9,01:30:00
2021.01.25,19:00:00,28675,28685,28605,28615,368,0,9,02:00:00
2021.01.26,18:00:00,28725,28735,28700,28720,299,0,9,01:00:00
2021.01.26,18:30:00,28720,28720,28680,28695,228,0,9,01:30:00
2021.01.26,19:00:00,28695,28725,28690,28725,136,0,9,02:00:00
2021.01.27,18:00:00,28470,28475,28425,28440,331,0,8,01:00:00
2021.01.27,18:30:00,28440,28490,28360,28370,370,0,9,01:30:00
2021.01.27,19:00:00,28370,28440,28340,28435,329,0,9,02:00:00
2021.01.28,18:00:00,28359,28444,28359,28379,428,0,9,01:00:00
2021.01.28,18:30:00,28379,28424,28364,28414,398,0,9,01:30:00
2021.01.28,19:00:00,28414,28484,28414,28479,331,0,9,02:00:00
2021.01.29,18:00:00,28014,28019,27839,27849,600,0,9,01:00:00
2021.01.29,18:30:00,27849,27884,27814,27854,614,0,9,01:30:00
2021.01.29,19:00:00,27854,27864,27744,27769,536,0,9,02:00:00
2021.02.01,18:00:00,28159,28214,28129,28204,331,0,9,01:00:00
2021.02.01,18:30:00,28204,28234,28194,28199,260,0,9,01:30:00
2021.02.01,19:00:00,28199,28224,28199,28209,231,0,9,02:00:00
2021.02.02,18:00:00,28419,28449,28399,28404,171,0,8,01:00:00
2021.02.02,18:30:00,28404,28439,28389,28429,188,0,9,01:30:00
2021.02.02,19:00:00,28429,28449,28419,28419,139,0,9,02:00:00
2021.02.03,18:00:00,28594,28604,28559,28569,153,0,9,01:00:00
2021.02.03,18:30:00,28569,28609,28559,28609,171,0,9,01:30:00
2021.02.03,19:00:00,28609,28609,28589,28599,145,0,9,02:00:00
2021.02.04,18:00:00,28564,28579,28549,28554,167,0,9,01:00:00
2021.02.04,18:30:00,28554,28569,28539,28554,116,0,9,01:30:00
2021.02.04,19:00:00,28554,28569,28544,28559,91,0,9,02:00:00
2021.02.05,18:00:00,28814,28829,28794,28814,146,0,8,01:00:00
2021.02.05,18:30:00,28814,28834,28764,28764,131,0,9,01:30:00
2021.02.05,19:00:00,28764,28804,28754,28799,113,0,9,02:00:00
2021.02.08,18:00:00,29442,29452,29402,29452,126,0,9,01:00:00
2021.02.08,18:30:00,29452,29452,29397,29442,228,0,9,01:30:00
2021.02.08,19:00:00,29442,29477,29437,29472,67,0,9,02:00:00
2021.02.09,18:00:00,29442,29442,29387,29407,176,0,9,01:00:00
2021.02.09,18:30:00,29407,29452,29397,29432,122,0,9,01:30:00
2021.02.09,19:00:00,29432,29457,29427,29447,87,0,9,02:00:00
2021.02.10,18:00:00,29336,29351,29286,29291,557,0,9,01:00:00
2021.02.10,18:30:00,29291,29331,29261,29291,408,0,9,01:30:00
2021.02.10,19:00:00,29291,29291,29216,29261,371,0,9,02:00:00
2021.02.11,18:00:00,29446,29461,29421,29456,212,0,9,01:00:00
2021.02.11,18:30:00,29456,29476,29451,29461,110,0,9,01:30:00
2021.02.11,19:00:00,29466,29471,29356,29361,296,0,9,02:00:00
2021.02.12,18:00:00,29556,29581,29546,29581,131,0,9,01:00:00
2021.02.12,18:30:00,29581,29611,29581,29606,136,0,9,01:30:00
2021.02.12,19:00:00,29606,29621,29586,29591,102,0,9,02:00:00
2021.02.15,18:00:00,30271,30286,30246,30251,103,0,9,01:00:00
2021.02.15,18:30:00,30251,30256,30231,30256,98,0,9,01:30:00
2021.02.15,19:00:00,30256,30256,30226,30226,59,0,9,02:00:00
2021.02.16,18:00:00,30506,30516,30461,30476,362,0,9,01:00:00
2021.02.16,18:30:00,30476,30506,30436,30456,376,0,9,01:30:00
2021.02.16,19:00:00,30451,30481,30396,30471,463,0,9,02:00:00
2021.02.17,18:00:00,30271,30281,30181,30221,382,0,9,01:00:00
2021.02.17,18:30:00,30221,30226,30151,30221,523,0,9,01:30:00
2021.02.17,19:00:00,30221,30266,30211,30266,277,0,9,02:00:00
2021.02.18,18:00:00,29971,30041,29961,30001,418,0,9,01:00:00
2021.02.18,18:30:00,30001,30016,29971,29991,272,0,9,01:30:00
2021.02.18,19:00:00,29991,30016,29946,30011,294,0,9,02:00:00
2021.02.19,18:00:00,30286,30321,30276,30316,152,0,9,01:00:00
2021.02.19,18:30:00,30311,30316,30286,30296,131,0,9,01:30:00
2021.02.19,19:00:00,30296,30306,30256,30266,214,0,9,02:00:00
2021.02.22,18:00:00,30060,30110,30040,30100,398,0,9,01:00:00
2021.02.22,18:30:00,30100,30125,30085,30120,271,0,9,01:30:00
2021.02.22,19:00:00,30120,30120,30075,30085,265,0,9,02:00:00
2021.02.23,18:00:00,29930,29985,29905,29930,582,0,9,01:00:00
2021.02.23,18:30:00,29935,29970,29870,29875,431,0,9,01:30:00
2021.02.23,19:00:00,29875,29895,29830,29890,350,0,9,02:00:00
2021.02.24,18:00:00,29940,30025,29940,29980,357,0,9,01:00:00
2021.02.24,18:30:00,29975,30015,29970,30005,317,0,9,01:30:00
2021.02.24,19:00:00,30005,30050,30005,30045,237,0,9,02:00:00
2021.02.25,18:00:00,30013,30043,29993,30003,476,0,9,01:00:00
2021.02.25,18:30:00,30003,30008,29878,29888,582,0,9,01:30:00
2021.02.25,19:00:00,29893,29918,29853,29868,667,0,9,02:00:00
2021.02.26,18:00:00,29303,29368,29258,29268,917,0,9,01:00:00
2021.02.26,18:30:00,29268,29418,29263,29378,574,0,9,01:30:00
2021.02.26,19:00:00,29378,29458,29353,29428,524,0,9,02:00:00
2021.03.01,18:00:00,29778,29788,29748,29758,323,0,9,01:00:00
2021.03.01,18:30:00,29758,29783,29753,29778,253,0,9,01:30:00
2021.03.01,19:00:00,29778,29798,29753,29763,254,0,9,02:00:00
2021.03.02,18:00:00,29528,29543,29478,29528,596,0,9,01:00:00
2021.03.02,18:30:00,29528,29533,29468,29503,457,0,9,01:30:00
2021.03.02,19:00:00,29503,29553,29488,29533,431,0,9,02:00:00
2021.03.03,18:00:00,29528,29558,29503,29553,608,0,9,01:00:00
2021.03.03,18:30:00,29553,29558,29508,29533,558,0,9,01:30:00
2021.03.03,19:00:00,29533,29548,29503,29508,514,0,9,02:00:00
2021.03.04,18:00:00,29193,29223,29153,29208,859,0,9,01:00:00
2021.03.04,18:30:00,29208,29283,29198,29248,699,0,9,01:30:00
2021.03.04,19:00:00,29248,29288,29063,29108,1225,0,9,02:00:00
2021.03.05,18:00:00,28758,28763,28598,28618,1029,0,9,01:00:00
2021.03.05,18:30:00,28618,28788,28618,28783,1146,0,9,01:30:00
2021.03.05,19:00:00,28783,28873,28763,28868,925,0,9,02:00:00
2021.03.08,18:00:00,29032,29062,29002,29057,777,0,9,01:00:00
2021.03.08,18:30:00,29057,29057,28950,28952,743,0,9,01:30:00
2021.03.08,19:00:00,28952,29067,28947,29067,683,0,9,02:00:00
2021.03.09,18:00:00,29219,29244,29184,29184,510,0,9,01:00:00
2021.03.09,18:30:00,29189,29234,29179,29229,273,0,9,01:30:00
2021.03.09,19:00:00,29229,29249,29214,29244,271,0,9,02:00:00
2021.03.10,18:00:00,29127,29157,29107,29137,483,0,9,01:00:00
2021.03.10,18:30:00,29137,29177,29082,29162,378,0,9,01:30:00
2021.03.10,19:00:00,29162,29172,29132,29137,361,0,9,02:00:00
2021.03.11,18:00:00,29332,29362,29327,29362,229,0,9,01:00:00
2021.03.11,18:30:00,29362,29377,29342,29342,183,0,9,01:30:00
2021.03.11,19:00:00,29342,29367,29334,29339,232,0,8,02:00:00
2021.03.12,18:00:00,29607,29622,29587,29607,513,0,9,01:00:00
2021.03.12,18:30:00,29607,29617,29587,29607,358,0,9,01:30:00
2021.03.12,19:00:00,29607,29622,29592,29622,346,0,9,02:00:00
2021.03.15,18:00:00,29642,29687,29637,29682,200,0,9,01:00:00
2021.03.15,18:30:00,29682,29717,29677,29717,172,0,9,01:30:00
2021.03.15,19:00:00,29717,29737,29707,29727,92,0,9,02:00:00
2021.03.16,18:00:00,29947,29952,29902,29922,304,0,9,01:00:00
2021.03.16,18:30:00,29922,29952,29922,29932,228,0,9,01:30:00
2021.03.16,19:00:00,29932,29942,29917,29927,202,0,9,02:00:00
2021.03.17,18:00:00,29887,29897,29872,29892,216,0,9,01:00:00
2021.03.17,18:30:00,29892,29892,29842,29847,265,0,9,01:30:00
2021.03.17,19:00:00,29847,29877,29847,29877,199,0,9,02:00:00
2021.03.18,18:00:00,30197,30232,30192,30212,263,0,9,01:00:00
2021.03.18,18:30:00,30212,30217,30107,30122,306,0,9,01:30:00
2021.03.18,19:00:00,30122,30167,30112,30162,328,0,9,02:00:00
2021.03.19,18:00:00,29392,29432,29387,29412,377,0,9,01:00:00
2021.03.19,18:30:00,29407,29442,29382,29442,318,0,9,01:30:00
2021.03.19,19:00:00,29442,29477,29412,29477,236,0,8,02:00:00
2021.03.22,18:00:00,29263,29293,29243,29288,180,0,9,01:00:00
2021.03.22,18:30:00,29288,29338,29283,29338,156,0,9,01:30:00
2021.03.22,19:00:00,29343,29378,29338,29363,203,0,9,02:00:00
2021.03.23,18:00:00,29059,29089,29024,29069,367,0,9,01:00:00
2021.03.23,18:30:00,29069,29084,29039,29084,425,0,9,01:30:00
2021.03.23,19:00:00,29084,29099,29074,29084,205,0,9,02:00:00
2021.03.24,18:00:00,28624,28684,28624,28684,272,0,9,01:00:00
2021.03.24,18:30:00,28684,28689,28634,28664,270,0,9,01:30:00
2021.03.24,19:00:00,28664,28669,28579,28619,446,0,9,02:00:00
2021.03.25,18:00:00,28849,28909,28839,28904,422,0,9,01:00:00
2021.03.25,18:30:00,28904,28959,28899,28954,274,0,9,01:30:00
2021.03.25,19:00:00,28954,29009,28924,28954,511,0,9,02:00:00
2021.03.26,18:00:00,29354,29369,29334,29349,196,0,9,01:00:00
2021.03.26,18:30:00,29349,29394,29349,29369,146,0,9,01:30:00
2021.03.26,19:00:00,29369,29394,29369,29389,131,0,9,02:00:00
2021.03.29,18:00:00,29385,29420,29355,29420,341,0,8,01:00:00
2021.03.29,18:30:00,29420,29450,29405,29445,217,0,8,01:30:00
2021.03.29,19:00:00,29445,29460,29405,29445,242,0,8,02:00:00
2021.03.30,18:00:00,29400,29430,29385,29395,298,0,9,01:00:00
2021.03.30,18:30:00,29395,29405,29355,29365,211,0,9,01:30:00
2021.03.30,19:00:00,29365,29380,29340,29355,225,0,9,02:00:00
2021.03.31,18:00:00,29337,29347,29322,29332,164,0,9,01:00:00
2021.03.31,18:30:00,29332,29352,29307,29347,211,0,9,01:30:00
2021.03.31,19:00:00,29352,29392,29347,29387,118,0,8,02:00:00
2021.04.01,18:00:00,29557,29562,29542,29552,161,0,9,01:00:00
2021.04.01,18:30:00,29552,29562,29542,29557,99,0,8,01:30:00
2021.04.01,19:00:00,29557,29627,29557,29612,119,0,9,02:00:00
2021.04.02,19:00:00,30045,30045,30045,30045,1,0,13,02:00:00
2021.04.05,18:00:00,30077,30092,30067,30087,170,0,9,01:00:00
2021.04.05,18:30:00,30087,30112,30082,30107,135,0,9,01:30:00
2021.04.05,19:00:00,30107,30117,30107,30112,107,0,9,02:00:00
2021.04.06,18:00:00,29742,29742,29712,29717,171,0,9,01:00:00
2021.04.06,18:30:00,29722,29777,29707,29767,103,0,9,01:30:00
2021.04.06,19:00:00,29767,29772,29752,29752,106,0,9,02:00:00
2021.04.07,18:00:00,29672,29682,29632,29642,125,0,8,01:00:00
2021.04.07,18:30:00,29642,29647,29592,29617,185,0,9,01:30:00
2021.04.07,19:00:00,29617,29632,29587,29592,188,0,9,02:00:00
2021.04.08,18:00:00,29617,29647,29617,29647,136,0,9,01:00:00
2021.04.08,18:30:00,29647,29667,29647,29662,99,0,9,01:30:00
2021.04.08,19:00:00,29662,29662,29652,29662,77,0,9,02:00:00
2021.04.09,18:00:00,29817,29832,29812,29827,135,0,9,01:00:00
2021.04.09,18:30:00,29827,29842,29807,29822,103,0,9,01:30:00
2021.04.09,19:00:00,29822,29842,29817,29827,85,0,9,02:00:00
2021.04.12,18:00:00,29562,29577,29532,29577,118,0,9,01:00:00
2021.04.12,18:30:00,29577,29592,29547,29587,122,0,9,01:30:00
2021.04.12,19:00:00,29587,29592,29557,29562,123,0,9,02:00:00
2021.04.13,18:00:00,29752,29777,29752,29767,114,0,9,01:00:00
2021.04.13,18:30:00,29767,29772,29742,29752,153,0,9,01:30:00
2021.04.13,19:00:00,29752,29762,29732,29737,91,0,9,02:00:00
2021.04.14,18:00:00,29681,29721,29671,29721,201,0,9,01:00:00
2021.04.14,18:30:00,29721,29731,29696,29711,152,0,9,01:30:00
2021.04.14,19:00:00,29711,29711,29671,29696,225,0,9,02:00:00
2021.04.15,18:00:00,29736,29751,29721,29726,146,0,9,01:00:00
2021.04.15,18:30:00,29726,29736,29721,29731,93,0,9,01:30:00
2021.04.15,19:00:00,29731,29751,29731,29746,129,0,9,02:00:00
2021.04.16,18:00:00,29746,29761,29741,29746,159,0,9,01:00:00
2021.04.16,18:30:00,29746,29766,29746,29761,192,0,9,01:30:00
2021.04.16,19:00:00,29761,29771,29756,29771,111,0,9,02:00:00
2021.04.19,18:00:00,29447,29457,29407,29452,288,0,9,01:00:00
2021.04.19,18:30:00,29452,29452,29357,29382,344,0,9,01:30:00
2021.04.19,19:00:00,29382,29387,29272,29302,395,0,9,02:00:00
2021.04.20,18:00:00,28577,28637,28512,28562,546,0,9,01:00:00
2021.04.20,18:30:00,28562,28602,28512,28557,373,0,9,01:30:00
2021.04.20,19:00:00,28557,28632,28552,28602,195,0,9,02:00:00
2021.04.21,18:00:00,28682,28737,28677,28692,270,0,9,01:00:00
2021.04.21,18:30:00,28697,28782,28692,28767,213,0,9,01:30:00
2021.04.21,19:00:00,28767,28807,28767,28767,179,0,9,02:00:00
2021.04.22,18:00:00,29097,29142,29092,29107,180,0,9,01:00:00
2021.04.22,18:30:00,29102,29137,29087,29127,198,0,9,01:30:00
2021.04.22,19:00:00,29127,29132,29092,29122,137,0,9,02:00:00
2021.04.23,18:00:00,29127,29152,29102,29137,371,0,9,01:00:00
2021.04.23,18:30:00,29137,29152,29122,29122,149,0,9,01:30:00
2021.04.23,19:00:00,29122,29147,29122,29137,147,0,9,02:00:00
2021.04.26,18:00:00,29222,29272,29217,29247,133,0,9,01:00:00
2021.04.26,18:30:00,29247,29247,29227,29232,99,0,9,01:30:00
2021.04.26,19:00:00,29232,29237,29202,29212,110,0,9,02:00:00
2021.04.27,18:00:00,28957,29002,28947,28987,231,0,8,01:00:00
2021.04.27,18:30:00,28987,29027,28982,29012,162,0,9,01:30:00
2021.04.27,19:00:00,29012,29027,29007,29017,90,0,9,02:00:00
2021.04.28,18:00:00,29051,29051,29016,29031,209,0,9,01:00:00
2021.04.28,18:30:00,29031,29031,28981,28991,157,0,9,01:30:00
2021.04.28,19:00:00,28986,29011,28976,29001,177,0,9,02:00:00
2021.04.29,18:00:00,28951,28996,28936,28976,225,0,9,01:00:00
2021.04.29,18:30:00,28976,28981,28931,28931,258,0,9,01:30:00
2021.04.29,19:00:00,28931,28936,28846,28881,434,0,9,02:00:00
2021.04.30,18:00:00,28911,28911,28856,28871,364,0,8,01:00:00
2021.04.30,18:30:00,28871,28901,28856,28891,285,0,9,01:30:00
2021.04.30,19:00:00,28891,28901,28881,28896,165,0,9,02:00:00
2021.05.03,18:00:00,29036,29056,29016,29036,327,0,9,01:00:00
2021.05.03,18:30:00,29031,29081,29031,29081,185,0,9,01:30:00
2021.05.03,19:00:00,29081,29081,29061,29071,171,0,9,02:00:00
2021.05.04,18:00:00,28626,28661,28581,28641,586,0,9,01:00:00
2021.05.04,18:30:00,28636,28671,28576,28591,377,0,9,01:30:00
2021.05.04,19:00:00,28586,28666,28586,28641,321,0,8,02:00:00
2021.05.05,18:00:00,29036,29076,29021,29076,225,0,9,01:00:00
2021.05.05,18:30:00,29076,29141,29061,29136,106,0,9,01:30:00
2021.05.05,19:00:00,29136,29141,29106,29106,72,0,9,02:00:00
2021.05.06,18:00:00,29226,29276,29191,29271,273,0,9,01:00:00
2021.05.06,18:30:00,29271,29331,29261,29296,229,0,9,01:30:00
2021.05.06,19:00:00,29301,29306,29261,29306,145,0,9,02:00:00
2021.05.07,18:00:00,29386,29391,29361,29376,120,0,9,01:00:00
2021.05.07,18:30:00,29376,29411,29371,29401,154,0,9,01:30:00
2021.05.07,19:00:00,29401,29406,29381,29386,130,0,9,02:00:00
2021.05.10,18:00:00,29486,29531,29476,29531,279,0,9,01:00:00
2021.05.10,18:30:00,29531,29536,29506,29521,201,0,9,01:30:00
2021.05.10,19:00:00,29521,29536,29511,29516,131,0,9,02:00:00
2021.05.11,18:00:00,28391,28491,28336,28486,744,0,8,01:00:00
2021.05.11,18:30:00,28491,28536,28441,28516,467,0,8,01:30:00
2021.05.11,19:00:00,28516,28536,28466,28471,557,0,8,02:00:00
2021.05.12,18:00:00,27991,28076,27981,28041,646,0,9,01:00:00
2021.05.12,18:30:00,28036,28056,27926,27946,602,0,9,01:30:00
2021.05.12,19:00:00,27946,27986,27866,27941,732,0,9,02:00:00
2021.05.13,18:00:00,27656,27661,27571,27576,486,0,9,01:00:00
2021.05.13,18:30:00,27576,27636,27526,27571,645,0,9,01:30:00
2021.05.13,19:00:00,27566,27636,27551,27601,601,0,9,02:00:00
2021.05.14,18:00:00,28204,28244,28179,28234,324,0,9,01:00:00
2021.05.14,18:30:00,28234,28254,28214,28219,207,0,8,01:30:00
2021.05.14,19:00:00,28219,28264,28214,28254,151,0,9,02:00:00
2021.05.17,18:00:00,27714,27724,27674,27704,440,0,9,01:00:00
2021.05.17,18:30:00,27704,27734,27674,27684,352,0,9,01:30:00
2021.05.17,19:00:00,27684,27714,27664,27709,302,0,9,02:00:00
2021.05.18,18:00:00,28318,28318,28273,28278,249,0,9,01:00:00
2021.05.18,18:30:00,28278,28283,28243,28263,295,0,9,01:30:00
2021.05.18,19:00:00,28263,28268,28233,28258,284,0,9,02:00:00
2021.05.19,18:00:00,27683,27783,27668,27748,537,0,9,01:00:00
2021.05.19,18:30:00,27748,27808,27708,27808,477,0,9,01:30:00
2021.05.19,19:00:00,27808,27883,27793,27858,267,0,9,02:00:00
2021.05.20,18:00:00,28188,28253,28188,28253,186,0,9,01:00:00
2021.05.20,18:30:00,28253,28313,28243,28258,260,0,9,01:30:00
2021.05.20,19:00:00,28258,28258,28178,28178,306,0,9,02:00:00
2021.05.21,18:00:00,28383,28408,28358,28363,242,0,9,01:00:00
2021.05.21,18:30:00,28363,28388,28328,28338,287,0,9,01:30:00
2021.05.21,19:00:00,28338,28348,28303,28333,326,0,9,02:00:00
2021.05.24,18:00:00,28478,28488,28473,28488,240,0,9,01:00:00
2021.05.24,18:30:00,28488,28493,28458,28458,90,0,9,01:30:00
2021.05.24,19:00:00,28458,28473,28443,28453,114,0,9,02:00:00
2021.05.25,18:00:00,28508,28508,28408,28418,311,0,9,01:00:00
2021.05.25,18:30:00,28418,28458,28378,28458,307,0,8,01:30:00
2021.05.25,19:00:00,28458,28488,28448,28478,277,0,8,02:00:00
2021.05.26,18:00:00,28608,28628,28588,28598,144,0,9,01:00:00
2021.05.26,18:30:00,28598,28618,28583,28613,152,0,9,01:30:00
2021.05.26,19:00:00,28618,28623,28603,28608,123,0,9,02:00:00
2021.05.27,18:00:00,28803,28813,28763,28763,233,0,9,01:00:00
2021.05.27,18:30:00,28763,28793,28748,28793,266,0,9,01:30:00
2021.05.27,19:00:00,28788,28823,28788,28818,144,0,9,02:00:00
2021.05.28,18:00:00,29108,29113,29098,29108,148,0,9,01:00:00
2021.05.28,18:30:00,29108,29113,29093,29108,163,0,9,01:30:00
2021.05.28,19:00:00,29108,29108,29093,29093,88,0,9,02:00:00
2021.05.31,18:00:00,28903,28903,28863,28868,121,0,9,01:00:00
2021.05.31,18:30:00,28868,28908,28863,28903,127,0,9,01:30:00
2021.05.31,19:00:00,28903,28923,28888,28893,84,0,9,02:00:00
2021.06.01,18:00:00,28773,28798,28748,28798,295,0,9,01:00:00
2021.06.01,18:30:00,28798,28823,28778,28818,305,0,9,01:30:00
2021.06.01,19:00:00,28818,28823,28773,28808,228,0,9,02:00:00
2021.06.02,18:00:00,28938,28953,28903,28938,273,0,9,01:00:00
2021.06.02,18:30:00,28938,28958,28933,28938,153,0,9,01:30:00
2021.06.02,19:00:00,28938,28938,28903,28908,160,0,9,02:00:00
2021.06.03,18:00:00,28993,29033,28983,29018,459,0,9,01:00:00
2021.06.03,18:30:00,29018,29018,28978,28993,340,0,9,01:30:00
2021.06.03,19:00:00,28993,29008,28968,28983,410,0,9,02:00:00
2021.06.04,18:00:00,29048,29083,29038,29078,241,0,9,01:00:00
2021.06.04,18:30:00,29073,29078,29058,29063,268,0,9,01:30:00
2021.06.04,19:00:00,29063,29098,29053,29083,131,0,9,02:00:00
2021.06.07,18:00:00,29038,29078,29018,29023,570,0,9,01:00:00
2021.06.07,18:30:00,29023,29033,28998,29028,446,0,9,01:30:00
2021.06.07,19:00:00,29028,29068,29028,29063,166,0,9,02:00:00
2021.06.08,18:00:00,29023,29038,28948,28958,553,0,9,01:00:00
2021.06.08,18:30:00,28958,29015,28958,29005,557,0,9,01:30:00
2021.06.08,19:00:00,29005,29020,28993,29003,385,0,9,02:00:00
2021.06.09,18:00:00,28889,28914,28889,28904,175,0,9,01:00:00
2021.06.09,18:30:00,28904,28909,28869,28884,138,0,9,01:30:00
2021.06.09,19:00:00,28879,28894,28879,28894,133,0,9,02:00:00
2021.06.10,18:00:00,29029,29044,29009,29044,549,0,9,01:00:00
2021.06.10,18:30:00,29044,29044,29009,29039,321,0,9,01:30:00
2021.06.10,19:00:00,29039,29044,29004,29009,468,0,9,02:00:00
2021.06.11,18:00:00,29009,29009,28984,28999,302,0,9,01:00:00
2021.06.11,18:30:00,28994,29004,28984,28999,248,0,9,01:30:00
2021.06.11,19:00:00,28999,29004,28974,28974,144,0,9,02:00:00
2021.06.14,18:00:00,29199,29224,29169,29174,265,0,9,01:00:00
2021.06.14,18:30:00,29174,29179,29154,29164,172,0,8,01:30:00
2021.06.14,19:00:00,29164,29179,29159,29169,250,0,9,02:00:00
2021.06.15,18:00:00,29354,29384,29344,29374,306,0,8,01:00:00
2021.06.15,18:30:00,29374,29374,29329,29354,249,0,9,01:30:00
2021.06.15,19:00:00,29354,29384,29354,29384,156,0,9,02:00:00
2021.06.16,18:00:00,29324,29334,29314,29314,314,0,9,01:00:00
2021.06.16,18:30:00,29314,29319,29299,29314,259,0,9,01:30:00
2021.06.16,19:00:00,29314,29319,29269,29284,261,0,9,02:00:00
2021.06.17,18:00:00,29097,29122,29067,29122,587,0,9,01:00:00
2021.06.17,18:30:00,29122,29142,29077,29082,579,0,9,01:30:00
2021.06.17,19:00:00,29082,29097,28982,28987,686,0,9,02:00:00
2021.06.18,18:00:00,28637,28647,28597,28607,221,0,9,01:00:00
2021.06.18,18:30:00,28602,28677,28597,28677,467,0,9,01:30:00
2021.06.18,19:00:00,28677,28697,28642,28662,258,0,9,02:00:00
2021.06.21,18:00:00,28501,28521,28471,28501,325,0,9,01:00:00
2021.06.21,18:30:00,28501,28581,28501,28571,319,0,9,01:30:00
2021.06.21,19:00:00,28571,28586,28561,28576,255,0,9,02:00:00
2021.06.22,18:00:00,28785,28845,28765,28835,393,0,9,01:00:00
2021.06.22,18:30:00,28835,28845,28790,28790,376,0,9,01:30:00
2021.06.22,19:00:00,28790,28815,28790,28815,173,0,9,02:00:00
2021.06.23,18:00:00,28774,28779,28729,28749,283,0,8,01:00:00
2021.06.23,18:30:00,28749,28759,28719,28759,264,0,9,01:30:00
2021.06.23,19:00:00,28759,28774,28754,28769,268,0,9,02:00:00
2021.06.24,18:00:00,28941,28945,28921,28941,162,0,8,01:00:00
2021.06.24,18:30:00,28941,28956,28926,28941,271,0,9,01:30:00
2021.06.24,19:00:00,28941,28966,28941,28966,162,0,9,02:00:00
2021.06.25,18:00:00,29041,29071,29036,29071,152,0,9,01:00:00
2021.06.25,18:30:00,29071,29071,29051,29051,143,0,9,01:30:00
2021.06.25,19:00:00,29051,29061,29051,29051,153,0,9,02:00:00
2021.06.28,18:00:00,28956,28966,28911,28911,331,0,9,01:00:00
2021.06.28,18:30:00,28911,28946,28911,28936,241,0,8,01:30:00
2021.06.28,19:00:00,28936,28946,28926,28931,167,0,9,02:00:00
2021.06.29,18:00:00,28874,28884,28849,28879,285,0,8,01:00:00
2021.06.29,18:30:00,28879,28884,28859,28874,241,0,9,01:30:00
2021.06.29,19:00:00,28874,28874,28864,28869,106,0,9,02:00:00
2021.06.30,18:00:00,28730,28730,28677,28712,282,0,8,01:00:00
2021.06.30,18:30:00,28712,28722,28687,28692,290,0,9,01:30:00
2021.06.30,19:00:00,28687,28697,28677,28682,203,0,9,02:00:00
2021.07.01,18:00:00,28725,28735,28680,28705,473,0,9,01:00:00
2021.07.01,18:30:00,28705,28715,28665,28670,313,0,9,01:30:00
2021.07.01,19:00:00,28670,28675,28655,28665,148,0,9,02:00:00
2021.07.02,18:00:00,28750,28756,28741,28746,223,0,8,01:00:00
2021.07.02,18:30:00,28751,28781,28746,28771,313,0,8,01:30:00
2021.07.02,19:00:00,28771,28776,28756,28771,130,0,8,02:00:00
2021.07.05,18:00:00,28653,28658,28643,28643,102,0,8,01:00:00
2021.07.05,18:30:00,28643,28643,28631,28631,95,0,7,01:30:00
2021.07.05,19:00:00,28631,28651,28631,28641,55,0,8,02:00:00
2021.07.06,18:00:00,28279,28328,28264,28328,1531,0,7,01:00:00
2021.07.06,18:30:00,28328,28353,28318,28323,1012,0,7,01:30:00
2021.07.06,19:00:00,28323,28323,28263,28295,1323,0,7,02:00:00
2021.07.07,18:00:00,28348,28408,28338,28398,1340,0,7,01:00:00
2021.07.07,18:30:00,28398,28443,28388,28403,608,0,7,01:30:00
2021.07.07,19:00:00,28403,28428,28383,28388,475,0,7,02:00:00
2021.07.08,18:00:00,27599,27757,27592,27747,1937,0,7,01:00:00
2021.07.08,18:30:00,27747,27822,27727,27814,1350,0,7,01:30:00
2021.07.08,19:00:00,27812,27842,27782,27802,926,0,7,02:00:00
2021.07.09,18:00:00,28457,28482,28457,28457,409,0,7,01:00:00
2021.07.09,18:30:00,28457,28487,28452,28457,336,0,7,01:30:00
2021.07.09,19:00:00,28457,28507,28457,28497,230,0,7,02:00:00
2021.07.12,18:00:00,28612,28647,28597,28637,459,0,7,01:00:00
2021.07.12,18:30:00,28637,28637,28607,28627,468,0,7,01:30:00
2021.07.12,19:00:00,28627,28652,28627,28642,164,0,7,02:00:00
2021.07.13,18:00:00,28532,28582,28527,28577,449,0,7,01:00:00
2021.07.13,18:30:00,28577,28607,28567,28597,264,0,7,01:30:00
2021.07.13,19:00:00,28597,28607,28582,28587,186,0,7,02:00:00
2021.07.14,18:00:00,28642,28642,28587,28602,791,0,7,01:00:00
2021.07.14,18:30:00,28602,28607,28527,28532,1024,0,7,01:30:00
2021.07.14,19:00:00,28532,28582,28532,28572,608,0,7,02:00:00
2021.07.15,18:00:00,28162,28187,28137,28182,1149,0,7,01:00:00
2021.07.15,18:30:00,28184,28212,28167,28167,854,0,7,01:30:00
2021.07.15,19:00:00,28167,28172,28117,28162,914,0,7,02:00:00
2021.07.16,18:00:00,27934,27959,27894,27939,1647,0,7,01:00:00
2021.07.16,18:30:00,27939,28004,27934,27989,1124,0,7,01:30:00
2021.07.16,19:00:00,27989,28019,27979,27979,478,0,7,02:00:00
2021.07.19,18:00:00,27244,27332,27212,27264,2031,0,7,01:00:00
2021.07.19,18:30:00,27262,27332,27257,27287,1826,0,7,01:30:00
2021.07.19,19:00:00,27287,27289,27199,27202,1702,0,7,02:00:00
2021.07.20,18:00:00,27714,27727,27632,27632,1245,0,7,01:00:00
2021.07.20,18:30:00,27629,27707,27627,27697,470,0,7,01:30:00
2021.07.20,19:00:00,27699,27717,27667,27692,618,0,7,02:00:00
2021.07.21,18:00:00,27772,27789,27752,27752,519,0,7,01:00:00
2021.07.21,18:30:00,27752,27814,27744,27804,443,0,7,01:30:00
2021.07.21,19:00:00,27807,27837,27802,27817,268,0,7,02:00:00
2021.07.22,18:00:00,27969,27977,27922,27947,350,0,7,01:00:00
2021.07.22,18:30:00,27947,27952,27907,27922,267,0,7,01:30:00
2021.07.22,19:00:00,27922,27927,27867,27917,294,0,7,02:00:00
2021.07.23,18:00:00,28184,28222,28177,28212,189,0,7,01:00:00
2021.07.23,18:30:00,28212,28227,28167,28167,202,0,7,01:30:00
2021.07.23,19:00:00,28169,28202,28169,28187,198,0,7,02:00:00
2021.07.26,18:00:00,27877,27884,27852,27882,830,0,7,01:00:00
2021.07.26,18:30:00,27879,27942,27877,27927,784,0,7,01:30:00
2021.07.26,19:00:00,27929,27932,27897,27912,438,0,7,02:00:00
2021.07.27,18:00:00,27662,27689,27549,27572,1742,0,7,01:00:00
2021.07.27,18:30:00,27572,27572,27492,27557,1858,0,7,01:30:00
2021.07.27,19:00:00,27557,27559,27469,27497,1948,0,7,02:00:00
2021.07.28,18:00:00,27802,27809,27762,27762,893,0,7,01:00:00
2021.07.28,18:30:00,27762,27807,27762,27802,690,0,7,01:30:00
2021.07.28,19:00:00,27802,27822,27787,27797,638,0,7,02:00:00
2021.07.29,18:00:00,27905,27915,27850,27860,771,0,7,01:00:00
2021.07.29,18:30:00,27860,27870,27820,27840,501,0,7,01:30:00
2021.07.29,19:00:00,27840,27870,27835,27845,354,0,7,02:00:00
2021.07.30,18:00:00,27530,27550,27475,27527,1436,0,7,01:00:00
2021.07.30,18:30:00,27525,27540,27480,27500,1158,0,7,01:30:00
2021.07.30,19:00:00,27500,27525,27490,27505,775,0,7,02:00:00
2021.08.02,18:00:00,27670,27690,27650,27670,948,0,7,01:00:00
2021.08.02,18:30:00,27670,27675,27590,27590,655,0,7,01:30:00
2021.08.02,19:00:00,27590,27600,27565,27595,1602,0,7,02:00:00
2021.08.03,18:00:00,27517,27555,27500,27540,1937,0,7,01:00:00
2021.08.03,18:30:00,27540,27635,27532,27632,1178,0,7,01:30:00
2021.08.03,19:00:00,27635,27640,27590,27607,803,0,7,02:00:00
2021.08.04,18:00:00,27569,27584,27549,27564,1004,0,8,01:00:00
2021.08.04,18:30:00,27564,27576,27529,27544,1061,0,8,01:30:00
2021.08.04,19:00:00,27544,27559,27529,27544,416,0,8,02:00:00
2021.08.05,18:00:00,27789,27814,27784,27799,378,0,8,01:00:00
2021.08.05,18:30:00,27799,27819,27794,27814,341,0,8,01:30:00
2021.08.05,19:00:00,27814,27814,27781,27784,371,0,8,02:00:00
2021.08.06,18:00:00,27894,27899,27869,27874,722,0,8,01:00:00
2021.08.06,18:30:00,27874,27884,27849,27884,491,0,8,01:30:00
2021.08.06,19:00:00,27884,27899,27879,27889,384,0,8,02:00:00
2021.08.09,18:00:00,27844,27856,27829,27854,173,0,8,01:00:00
2021.08.09,18:30:00,27854,27879,27839,27879,199,0,8,01:30:00
2021.08.09,19:00:00,27879,27879,27864,27874,111,0,8,02:00:00
2021.08.10,18:00:00,27909,27914,27874,27889,835,0,8,01:00:00
2021.08.10,18:30:00,27889,27909,27879,27909,297,0,8,01:30:00
2021.08.10,19:00:00,27909,27939,27909,27934,626,0,8,02:00:00
2021.08.11,18:00:00,28164,28179,28139,28164,870,0,8,01:00:00
2021.08.11,18:30:00,28164,28184,28149,28161,843,0,8,01:30:00
2021.08.11,19:00:00,28159,28184,28159,28184,399,0,8,02:00:00
2021.08.12,18:00:00,28009,28029,27974,28024,835,0,8,01:00:00
2021.08.12,18:30:00,28024,28034,28014,28024,579,0,8,01:30:00
2021.08.12,19:00:00,28024,28059,28024,28054,595,0,8,02:00:00
2021.08.13,18:00:00,27974,27984,27954,27984,248,0,8,01:00:00
2021.08.13,18:30:00,27984,27984,27934,27939,335,0,8,01:30:00
2021.08.13,19:00:00,27939,27949,27914,27914,334,0,8,02:00:00
2021.08.16,18:00:00,27479,27549,27474,27544,1432,0,8,01:00:00
2021.08.16,18:30:00,27544,27594,27544,27574,883,0,8,01:30:00
2021.08.16,19:00:00,27574,27594,27569,27574,572,0,8,02:00:00
2021.08.17,18:00:00,27399,27439,27379,27409,1141,0,8,01:00:00
2021.08.17,18:30:00,27409,27434,27369,27376,1074,0,8,01:30:00
2021.08.17,19:00:00,27374,27386,27344,27374,1124,0,8,02:00:00
2021.08.18,18:00:00,27598,27613,27583,27593,1009,0,8,01:00:00
2021.08.18,18:30:00,27593,27623,27588,27605,1115,0,8,01:30:00
2021.08.18,19:00:00,27608,27628,27593,27598,529,0,8,02:00:00
2021.08.19,18:00:00,27199,27219,27159,27166,1972,0,8,01:00:00
2021.08.19,18:30:00,27169,27304,27166,27291,2168,0,8,01:30:00
2021.08.19,19:00:00,27294,27309,27244,27269,1565,0,8,02:00:00
2021.08.20,18:00:00,27116,27164,27114,27134,763,0,8,01:00:00
2021.08.20,18:30:00,27134,27164,27129,27159,864,0,8,01:30:00
2021.08.20,19:00:00,27159,27199,27151,27199,672,0,8,02:00:00
2021.08.23,18:00:00,27588,27613,27580,27598,553,0,8,01:00:00
2021.08.23,18:30:00,27598,27608,27578,27598,311,0,8,01:30:00
2021.08.23,19:00:00,27598,27623,27598,27608,323,0,8,02:00:00
2021.08.24,18:00:00,27788,27803,27773,27778,384,0,8,01:00:00
2021.08.24,18:30:00,27780,27780,27743,27763,460,0,8,01:30:00
2021.08.24,19:00:00,27763,27778,27748,27773,352,0,8,02:00:00
2021.08.25,18:00:00,27778,27805,27778,27798,386,0,8,01:00:00
2021.08.25,18:30:00,27798,27833,27793,27828,216,0,8,01:30:00
2021.08.25,19:00:00,27828,27838,27818,27828,341,0,8,02:00:00
2021.08.26,18:00:00,27665,27723,27618,27708,1365,0,8,01:00:00
2021.08.26,18:30:00,27710,27728,27688,27718,1007,0,8,01:30:00
2021.08.26,19:00:00,27718,27758,27718,27748,526,0,8,02:00:00
2021.08.27,18:00:00,27818,27828,27793,27793,705,0,8,01:00:00
2021.08.27,18:30:00,27793,27828,27793,27825,425,0,8,01:30:00
2021.08.27,19:00:00,27828,27828,27808,27813,324,0,8,02:00:00
2021.08.30,18:00:00,27710,27720,27705,27710,270,0,8,01:00:00
2021.08.30,18:30:00,27710,27720,27705,27715,145,0,8,01:30:00
2021.08.30,19:00:00,27715,27715,27705,27710,155,0,8,02:00:00
2021.08.31,18:00:00,28052,28117,28042,28082,953,0,8,01:00:00
2021.08.31,18:30:00,28082,28147,28072,28134,839,0,8,01:30:00
2021.08.31,19:00:00,28137,28152,28127,28152,338,0,8,02:00:00
2021.09.01,18:00:00,28552,28562,28527,28542,582,0,8,01:00:00
2021.09.01,18:30:00,28542,28552,28527,28547,466,0,8,01:30:00
2021.09.01,19:00:00,28547,28562,28537,28562,322,0,8,02:00:00
2021.09.02,18:00:00,28667,28707,28667,28702,402,0,8,01:00:00
2021.09.02,18:30:00,28702,28727,28697,28727,386,0,8,01:30:00
2021.09.02,19:00:00,28727,28727,28694,28697,209,0,8,02:00:00
2021.09.03,18:00:00,29392,29454,29387,29422,929,0,8,01:00:00
2021.09.03,18:30:00,29422,29464,29412,29432,841,0,8,01:30:00
2021.09.03,19:00:00,29434,29472,29422,29467,596,0,8,02:00:00
2021.09.06,18:00:00,30122,30132,30112,30117,248,0,8,01:00:00
2021.09.06,18:30:00,30114,30132,30082,30087,262,0,8,01:30:00
2021.09.06,19:00:00,30087,30102,30079,30082,210,0,8,02:00:00
2021.09.07,18:00:00,29844,29847,29737,29837,856,0,8,01:00:00
2021.09.07,18:30:00,29837,29862,29827,29852,824,0,8,01:30:00
2021.09.07,19:00:00,29852,29897,29847,29897,586,0,8,02:00:00
2021.09.08,18:00:00,29979,30041,29964,30019,874,0,8,01:00:00
2021.09.08,18:30:00,30019,30039,29959,29979,832,0,8,01:30:00
2021.09.08,19:00:00,29979,30064,29961,30044,812,0,8,02:00:00
2021.09.09,18:00:00,30237,30267,30149,30159,1284,0,8,01:00:00
2021.09.09,18:30:00,30162,30197,30157,30187,1096,0,8,01:30:00
2021.09.09,19:00:00,30187,30192,30157,30157,963,0,8,02:00:00
2021.09.10,18:00:00,30351,30358,30301,30311,2112,0,8,01:00:00
2021.09.10,18:30:00,30313,30378,30306,30376,1449,0,8,01:30:00
2021.09.10,19:00:00,30376,30421,30366,30416,1226,0,8,02:00:00
2021.09.13,18:00:00,30499,30507,30412,30472,1944,0,8,01:00:00
2021.09.13,18:30:00,30472,30532,30472,30512,1486,0,8,01:30:00
2021.09.13,19:00:00,30509,30582,30502,30572,1161,0,8,02:00:00
2021.09.14,18:00:00,30337,30417,30334,30417,1384,0,8,01:00:00
2021.09.14,18:30:00,30417,30427,30392,30417,890,0,8,01:30:00
2021.09.14,19:00:00,30417,30432,30387,30397,666,0,8,02:00:00
2021.09.15,18:00:00,30436,30449,30401,30436,1456,0,9,01:00:00
2021.09.15,18:30:00,30434,30451,30411,30451,1181,0,9,01:30:00
2021.09.15,19:00:00,30451,30476,30431,30464,777,0,9,02:00:00
2021.09.16,18:00:00,30364,30401,30351,30386,1126,0,9,01:00:00
2021.09.16,18:30:00,30386,30396,30351,30381,944,0,9,01:30:00
2021.09.16,19:00:00,30381,30426,30371,30406,572,0,9,02:00:00
2021.09.17,18:00:00,30319,30356,30271,30296,683,0,9,01:00:00
2021.09.17,18:30:00,30296,30309,30246,30301,1115,0,9,01:30:00
2021.09.17,19:00:00,30296,30371,30281,30351,528,0,9,02:00:00
2021.09.20,18:00:00,29671,29756,29646,29736,1592,0,9,01:00:00
2021.09.20,18:30:00,29736,29746,29636,29644,939,0,9,01:30:00
2021.09.20,19:00:00,29644,29644,29556,29589,1031,0,9,02:00:00
2021.09.21,18:00:00,29941,29996,29906,29961,1941,0,9,01:00:00
2021.09.21,18:30:00,29961,30071,29961,30056,1838,0,9,01:30:00
2021.09.21,19:00:00,30056,30121,30051,30086,1365,0,9,02:00:00
2021.09.22,18:00:00,29946,29956,29936,29946,677,0,9,01:00:00
2021.09.22,18:30:00,29949,30011,29949,29984,1124,0,9,01:30:00
2021.09.22,19:00:00,29986,29986,29946,29966,883,0,9,02:00:00
2021.09.23,18:00:00,30251,30266,30231,30236,599,0,9,01:00:00
2021.09.23,18:30:00,30236,30254,30206,30231,517,0,9,01:30:00
2021.09.23,19:00:00,30231,30256,30216,30251,277,0,9,02:00:00
2021.09.24,18:00:00,30166,30176,30131,30136,822,0,9,01:00:00
2021.09.24,18:30:00,30134,30171,30131,30159,1178,0,9,01:30:00
2021.09.24,19:00:00,30161,30186,30146,30171,720,0,9,02:00:00
2021.09.27,18:00:00,30200,30220,30180,30190,910,0,9,01:00:00
2021.09.27,18:30:00,30190,30200,30160,30185,940,0,9,01:30:00
2021.09.27,19:00:00,30185,30210,30173,30205,471,0,9,02:00:00
2021.09.28,18:00:00,29725,29735,29660,29705,2309,0,9,01:00:00
2021.09.28,18:30:00,29705,29710,29635,29698,2323,0,9,01:30:00
2021.09.28,19:00:00,29695,29750,29675,29730,1674,0,9,02:00:00
2021.09.29,18:00:00,29800,29817,29752,29757,1217,0,9,01:00:00
2021.09.29,18:30:00,29757,29772,29697,29740,1409,0,9,01:30:00
2021.09.29,19:00:00,29742,29767,29672,29687,1440,0,9,02:00:00
2021.09.30,18:00:00,29421,29496,29406,29476,1919,0,9,01:00:00
2021.09.30,18:30:00,29476,29486,29341,29371,2376,0,9,01:30:00
2021.09.30,19:00:00,29371,29381,29296,29306,2775,0,9,02:00:00
2021.10.01,18:00:00,28785,28872,28732,28815,2514,0,9,01:00:00
2021.10.01,18:30:00,28817,28907,28807,28857,2166,0,9,01:30:00
2021.10.01,19:00:00,28860,28882,28827,28855,1599,0,9,02:00:00
2021.10.04,18:00:00,27727,27867,27697,27777,3040,0,9,01:00:00
2021.10.04,18:30:00,27777,27795,27670,27790,2603,0,9,01:30:00
2021.10.04,19:00:00,27787,27797,27727,27762,1803,0,9,02:00:00
2021.10.05,18:00:00,28210,28253,28190,28225,1146,0,9,01:00:00
2021.10.05,18:30:00,28225,28235,28150,28200,1366,0,9,01:30:00
2021.10.05,19:00:00,28200,28230,28175,28213,1085,0,9,02:00:00
2021.10.06,18:00:00,27419,27462,27352,27369,3112,0,9,01:00:00
2021.10.06,18:30:00,27369,27517,27334,27509,2526,0,9,01:30:00
2021.10.06,19:00:00,27509,27519,27354,27397,2173,0,9,02:00:00
2021.10.07,18:00:00,28072,28077,28017,28057,1058,0,9,01:00:00
2021.10.07,18:30:00,28059,28099,28054,28089,833,0,9,01:30:00
2021.10.07,19:00:00,28089,28104,28072,28084,559,0,9,02:00:00
2021.10.08,18:00:00,28109,28149,28094,28129,1155,0,9,01:00:00
2021.10.08,18:30:00,28129,28134,28084,28094,967,0,9,01:30:00
2021.10.08,19:00:00,28097,28109,28064,28069,757,0,9,02:00:00
2021.10.11,18:00:00,28722,28739,28679,28689,934,0,9,01:00:00
2021.10.11,18:30:00,28689,28744,28689,28734,762,0,9,01:30:00
2021.10.11,19:00:00,28734,28739,28649,28674,1019,0,9,02:00:00
2021.10.12,18:00:00,28244,28314,28244,28299,1851,0,9,01:00:00
2021.10.12,18:30:00,28299,28309,28274,28304,1428,0,9,01:30:00
2021.10.12,19:00:00,28304,28349,28304,28314,992,0,9,02:00:00
2021.10.13,18:00:00,28139,28199,28134,28159,1643,0,9,01:00:00
2021.10.13,18:30:00,28162,28234,28147,28204,1336,0,9,01:30:00
2021.10.13,19:00:00,28204,28209,28164,28189,915,0,9,02:00:00
2021.10.14,18:00:00,28719,28719,28684,28689,793,0,9,01:00:00
2021.10.14,18:30:00,28689,28704,28669,28699,651,0,9,01:30:00
2021.10.14,19:00:00,28699,28704,28679,28689,399,0,9,02:00:00
2021.10.15,18:00:00,29150,29190,29140,29185,937,0,9,01:00:00
2021.10.15,18:30:00,29185,29190,29155,29158,801,0,9,01:30:00
2021.10.15,19:00:00,29155,29175,29140,29150,408,0,9,02:00:00
2021.10.18,18:00:00,28994,29079,28984,29044,741,0,9,01:00:00
2021.10.18,18:30:00,29044,29084,29029,29069,688,0,9,01:30:00
2021.10.18,19:00:00,29069,29084,29049,29064,378,0,9,02:00:00
2021.10.19,18:00:00,29357,29379,29339,29359,896,0,9,01:00:00
2021.10.19,18:30:00,29359,29374,29334,29367,638,0,9,01:30:00
2021.10.19,19:00:00,29364,29379,29349,29354,524,0,9,02:00:00
2021.10.20,18:00:00,29317,29329,29289,29289,787,0,9,01:00:00
2021.10.20,18:30:00,29289,29329,29274,29329,895,0,9,01:30:00
2021.10.20,19:00:00,29329,29332,29309,29314,780,0,9,02:00:00
2021.10.21,18:00:00,28654,28689,28514,28517,1209,0,9,01:00:00
2021.10.21,18:30:00,28514,28524,28474,28494,1200,0,9,01:30:00
2021.10.21,19:00:00,28494,28529,28477,28499,856,0,9,02:00:00
2021.10.22,18:00:00,28864,28904,28754,28802,1523,0,9,01:00:00
2021.10.22,18:30:00,28804,28819,28687,28722,2556,0,9,01:30:00
2021.10.22,19:00:00,28722,28747,28682,28730,1573,0,9,02:00:00
2021.10.25,18:00:00,28699,28794,28699,28794,1061,0,9,01:00:00
2021.10.25,18:30:00,28794,28824,28764,28814,815,0,9,01:30:00
2021.10.25,19:00:00,28814,28824,28799,28817,665,0,9,02:00:00
2021.10.26,18:00:00,29194,29199,29159,29182,944,0,9,01:00:00
2021.10.26,18:30:00,29184,29184,29079,29084,1167,0,9,01:30:00
2021.10.26,19:00:00,29082,29084,29039,29049,1482,0,9,02:00:00
2021.10.27,18:00:00,28754,28807,28744,28764,1308,0,9,01:00:00
2021.10.27,18:30:00,28767,28814,28759,28784,1059,0,9,01:30:00
2021.10.27,19:00:00,28787,28804,28764,28799,860,0,9,02:00:00
2021.10.28,18:00:00,28829,28839,28804,28814,1139,0,9,01:00:00
2021.10.28,18:30:00,28814,28842,28804,28819,925,0,9,01:30:00
2021.10.28,19:00:00,28819,28864,28814,28844,881,0,9,02:00:00
2021.10.29,18:00:00,28859,28919,28852,28914,1128,0,9,01:00:00
2021.10.29,18:30:00,28914,28964,28914,28939,809,0,9,01:30:00
2021.10.29,19:00:00,28939,28999,28934,28979,756,0,9,02:00:00
2021.11.01,18:00:00,29579,29587,29562,29569,560,0,9,01:00:00
2021.11.01,18:30:00,29569,29574,29524,29559,478,0,9,01:30:00
2021.11.01,19:00:00,29559,29567,29514,29519,454,0,9,02:00:00
2021.11.02,18:00:00,29509,29517,29484,29512,714,0,9,01:00:00
2021.11.02,18:30:00,29509,29534,29504,29514,595,0,9,01:30:00
2021.11.02,19:00:00,29514,29529,29499,29499,505,0,9,02:00:00
2021.11.03,18:00:00,29524,29529,29449,29484,153,0,9,01:00:00
2021.11.03,18:30:00,29484,29500,29460,29485,125,0,3,01:30:00
2021.11.03,19:00:00,29484,29485,29465,29480,178,0,3,02:00:00
2021.11.04,18:00:00,29639,29669,29629,29629,880,0,3,01:00:00
2021.11.04,18:30:00,29629,29639,29614,29639,1441,0,3,01:30:00
2021.11.04,19:00:00,29639,29664,29632,29659,783,0,3,02:00:00
2021.11.05,18:00:00,29679,29704,29659,29694,882,0,3,01:00:00
2021.11.05,18:30:00,29694,29714,29669,29679,1177,0,3,01:30:00
2021.11.05,19:00:00,29679,29687,29577,29582,1117,0,3,02:00:00
2021.11.08,18:00:00,29617,29645,29590,29615,482,0,3,01:00:00
2021.11.08,18:30:00,29615,29615,29590,29595,327,0,3,01:30:00
2021.11.08,19:00:00,29595,29610,29588,29605,365,0,3,02:00:00
2021.11.09,18:00:00,29250,29280,29220,29240,779,0,3,01:00:00
2021.11.09,18:30:00,29240,29285,29237,29245,732,0,3,01:30:00
2021.11.09,19:00:00,29245,29265,29215,29250,752,0,3,02:00:00
2021.11.10,18:00:00,29360,29375,29335,29335,482,0,3,01:00:00
2021.11.10,18:30:00,29339,29340,29305,29330,514,0,3,01:30:00
2021.11.10,19:00:00,29330,29335,29295,29295,411,0,3,02:00:00
2021.11.11,18:00:00,29410,29460,29410,29440,444,0,3,01:00:00
2021.11.11,18:30:00,29440,29470,29430,29440,413,0,3,01:30:00
2021.11.11,19:00:00,29440,29445,29400,29415,487,0,3,02:00:00
2021.11.12,18:00:00,29629,29695,29625,29685,565,0,3,01:00:00
2021.11.12,18:30:00,29685,29710,29675,29700,506,0,3,01:30:00
2021.11.12,19:00:00,29700,29720,29685,29710,415,0,3,02:00:00
2021.11.15,18:00:00,29730,29745,29730,29743,459,0,3,01:00:00
2021.11.15,18:30:00,29743,29760,29640,29670,982,0,3,01:30:00
2021.11.15,19:00:00,29670,29680,29645,29675,800,0,3,02:00:00
2021.11.16,18:00:00,29763,29805,29760,29790,734,0,3,01:00:00
2021.11.16,18:30:00,29792,29805,29786,29800,512,0,3,01:30:00
2021.11.16,19:00:00,29800,29805,29790,29795,330,0,3,02:00:00
2021.11.17,18:00:00,29615,29625,29602,29615,363,0,3,01:00:00
2021.11.17,18:30:00,29615,29640,29605,29640,407,0,3,01:30:00
2021.11.17,19:00:00,29640,29645,29500,29510,747,0,3,02:00:00
2021.11.18,18:00:00,29506,29545,29489,29525,892,0,3,01:00:00
2021.11.18,18:30:00,29524,29590,29524,29575,621,0,3,01:30:00
2021.11.18,19:00:00,29575,29615,29575,29610,411,0,3,02:00:00
2021.11.19,18:00:00,29580,29620,29575,29618,784,0,3,01:00:00
2021.11.19,18:30:00,29620,29620,29585,29595,645,0,3,01:30:00
2021.11.19,19:00:00,29595,29630,29595,29630,279,0,3,02:00:00
2021.11.22,18:00:00,29880,29885,29835,29840,1238,0,3,01:00:00
2021.11.22,18:30:00,29840,29850,29675,29720,1885,0,3,01:30:00
2021.11.22,19:00:00,29720,29735,29685,29730,2359,0,3,02:00:00
2021.11.23,18:00:00,29547,29616,29506,29596,1481,0,3,01:00:00
2021.11.23,18:30:00,29596,29621,29545,29566,1726,0,3,01:30:00
2021.11.23,19:00:00,29566,29591,29515,29586,1427,0,3,02:00:00
2021.11.24,18:00:00,29335,29391,29318,29381,1250,0,3,01:00:00
2021.11.24,18:30:00,29381,29400,29349,29361,1397,0,3,01:30:00
2021.11.24,19:00:00,29361,29381,29350,29361,889,0,3,02:00:00
2021.11.25,18:00:00,29498,29506,29493,29493,270,0,3,01:00:00
2021.11.25,18:30:00,29493,29508,29491,29508,274,0,3,01:30:00
2021.11.25,19:00:00,29508,29511,29500,29507,212,0,3,02:00:00
2021.11.26,18:00:00,28358,28383,28209,28234,5100,0,3,01:00:00
2021.11.26,18:30:00,28235,28269,28110,28140,5094,0,3,01:30:00
2021.11.26,19:00:00,28140,28241,28139,28240,4474,0,3,02:00:00
2021.11.29,18:00:00,28263,28323,28253,28278,3121,0,3,01:00:00
2021.11.29,18:30:00,28278,28373,28273,28370,2592,0,3,01:30:00
2021.11.29,19:00:00,28372,28518,28368,28513,1286,0,3,02:00:00
2021.11.30,18:00:00,27463,27631,27415,27584,4752,0,3,01:00:00
2021.11.30,18:30:00,27584,27601,27421,27497,6212,0,3,01:30:00
2021.11.30,19:00:00,27498,27558,27413,27543,4261,0,3,02:00:00
2021.12.01,18:00:00,28070,28160,28060,28120,1387,0,3,01:00:00
2021.12.01,18:30:00,28119,28157,27983,28016,2309,0,3,01:30:00
2021.12.01,19:00:00,28016,28128,27987,28065,3172,0,3,02:00:00
2021.12.02,18:00:00,27734,27791,27692,27750,4230,0,3,01:00:00
2021.12.02,18:30:00,27751,27781,27628,27767,4743,0,3,01:30:00
2021.12.02,19:00:00,27767,27921,27751,27921,2693,0,3,02:00:00
2021.12.03,18:00:00,27730,27771,27691,27750,5245,0,3,01:00:00
2021.12.03,18:30:00,27750,27821,27656,27664,4610,0,3,01:30:00
2021.12.03,19:00:00,27664,27736,27643,27706,4189,0,3,02:00:00
2021.12.06,18:00:00,28056,28066,27975,28037,2818,0,3,01:00:00
2021.12.06,18:30:00,28037,28046,27975,27991,2372,0,3,01:30:00
2021.12.06,19:00:00,27991,28041,27981,28029,1624,0,3,02:00:00
2021.12.07,18:00:00,28715,28743,28710,28730,1282,0,9,01:00:00
2021.12.07,18:30:00,28730,28750,28715,28748,1047,0,9,01:30:00
2021.12.07,19:00:00,28745,28785,28735,28768,606,0,9,02:00:00
2021.12.08,18:00:00,28825,28875,28805,28868,457,0,9,01:00:00
2021.12.08,18:30:00,28865,28880,28845,28870,612,0,9,01:30:00
2021.12.08,19:00:00,28870,28885,28850,28865,557,0,9,02:00:00
2021.12.09,18:00:00,28661,28681,28636,28666,1205,0,9,01:00:00
2021.12.09,18:30:00,28666,28686,28651,28656,1090,0,9,01:30:00
2021.12.09,19:00:00,28656,28676,28646,28671,966,0,9,02:00:00
2021.12.10,18:00:00,28531,28536,28456,28511,2142,0,9,01:00:00
2021.12.10,18:30:00,28511,28561,28501,28526,1641,0,9,01:30:00
2021.12.10,19:00:00,28526,28551,28516,28531,1273,0,9,02:00:00
2021.12.13,18:00:00,28489,28516,28441,28464,2446,0,9,01:00:00
2021.12.13,18:30:00,28466,28514,28456,28491,1726,0,9,01:30:00
2021.12.13,19:00:00,28489,28534,28466,28524,1413,0,9,02:00:00
2021.12.14,18:00:00,28216,28266,28191,28266,2398,0,9,01:00:00
2021.12.14,18:30:00,28264,28276,28176,28189,1851,0,9,01:30:00
2021.12.14,19:00:00,28186,28226,28174,28226,1191,0,9,02:00:00
2021.12.15,18:00:00,28519,28536,28489,28491,1342,0,9,01:00:00
2021.12.15,18:30:00,28491,28506,28471,28496,1202,0,9,01:30:00
2021.12.15,19:00:00,28496,28546,28496,28541,689,0,9,02:00:00
2021.12.16,18:00:00,29011,29011,28924,28986,1944,0,9,01:00:00
2021.12.16,18:30:00,28986,28986,28926,28929,1623,0,9,01:30:00
2021.12.16,19:00:00,28929,28946,28866,28891,1363,0,9,02:00:00
2021.12.17,18:00:00,28591,28646,28566,28631,2307,0,9,01:00:00
2021.12.17,18:30:00,28631,28641,28511,28571,2882,0,9,01:30:00
2021.12.17,19:00:00,28569,28606,28516,28589,2254,0,9,02:00:00
2021.12.20,18:00:00,28083,28103,28045,28083,1889,0,9,01:00:00
2021.12.20,18:30:00,28083,28130,28050,28128,1759,0,9,01:30:00
2021.12.20,19:00:00,28128,28170,28105,28143,1514,0,9,02:00:00
2021.12.21,18:00:00,28525,28568,28510,28540,1174,0,9,01:00:00
2021.12.21,18:30:00,28540,28635,28540,28615,1150,0,9,01:30:00
2021.12.21,19:00:00,28615,28660,28610,28655,1125,0,9,02:00:00
2021.12.22,18:00:00,28678,28690,28650,28685,1087,0,3,01:00:00
2021.12.22,18:30:00,28685,28720,28680,28713,861,0,9,01:30:00
2021.12.22,19:00:00,28713,28725,28700,28715,694,0,9,02:00:00
2021.12.23,18:00:00,28865,28870,28845,28855,593,0,9,01:00:00
2021.12.23,18:30:00,28853,28870,28850,28870,402,0,9,01:30:00
2021.12.23,19:00:00,28870,28870,28840,28845,305,0,9,02:00:00
2021.12.27,18:00:00,28975,29000,28960,28980,701,0,9,01:00:00
2021.12.27,18:30:00,28980,28980,28960,28970,418,0,9,01:30:00
2021.12.27,19:00:00,28970,29010,28968,29010,268,0,9,02:00:00
2021.12.28,18:00:00,29060,29070,29038,29055,971,0,2,01:00:00
2021.12.28,18:30:00,29055,29080,29045,29080,760,0,8,01:30:00
2021.12.28,19:00:00,29080,29085,29045,29050,579,0,8,02:00:00
2021.12.29,18:00:00,28830,28842,28802,28802,974,0,8,01:00:00
2021.12.29,18:30:00,28802,28827,28797,28820,1044,0,8,01:30:00
2021.12.29,19:00:00,28822,28822,28790,28792,721,0,8,02:00:00
2021.12.30,18:00:00,28937,28962,28932,28947,421,0,8,01:00:00
2021.12.30,18:30:00,28945,28957,28932,28937,571,0,8,01:30:00
2021.12.30,19:00:00,28937,28947,28922,28937,414,0,8,02:00:00
2021.12.31,18:00:00,28937,28967,28917,28952,361,0,2,01:00:00
2021.12.31,18:30:00,28952,28957,28897,28910,149,0,2,01:30:00
2021.12.31,19:00:00,28912,28932,28887,28902,244,0,8,02:00:00
2022.01.03,18:00:00,28957,28962,28892,28922,474,0,8,01:00:00
2022.01.03,18:30:00,28922,28937,28870,28912,633,0,8,01:30:00
2022.01.03,19:00:00,28912,28932,28892,28932,325,0,8,02:00:00
2022.01.04,18:00:00,29260,29270,29210,29265,1724,0,8,01:00:00
2022.01.04,18:30:00,29265,29313,29253,29300,1323,0,8,01:30:00
2022.01.04,19:00:00,29300,29315,29275,29300,1110,0,8,02:00:00
2022.01.05,18:00:00,29351,29361,29326,29346,808,0,8,01:00:00
2022.01.05,18:30:00,29346,29351,29306,29311,1101,0,8,01:30:00
2022.01.05,19:00:00,29311,29341,29301,29339,952,0,8,02:00:00
2022.01.06,18:00:00,28715,28772,28677,28727,3098,0,7,01:00:00
2022.01.06,18:30:00,28725,28767,28712,28762,2209,0,7,01:30:00
2022.01.06,19:00:00,28762,28797,28742,28782,1805,0,7,02:00:00
2022.01.07,18:00:00,28237,28310,28222,28302,2137,0,7,01:00:00
2022.01.07,18:30:00,28302,28397,28297,28377,1494,0,7,01:30:00
2022.01.07,19:00:00,28377,28382,28332,28340,999,0,7,02:00:00
2022.01.10,18:00:00,27914,28064,27869,28054,1132,0,7,01:00:00
2022.01.10,18:30:00,28054,28054,27962,28039,1112,0,7,01:30:00
2022.01.10,19:00:00,28039,28049,27929,27937,705,0,7,02:00:00
2022.01.11,18:00:00,28229,28344,28227,28339,2277,0,7,01:00:00
2022.01.11,18:30:00,28339,28414,28337,28389,1683,0,7,01:30:00
2022.01.11,19:00:00,28389,28419,28379,28389,1181,0,7,02:00:00
2022.01.12,18:00:00,28724,28744,28644,28679,2906,0,7,01:00:00
2022.01.12,18:30:00,28679,28719,28674,28694,1856,0,7,01:30:00
2022.01.12,19:00:00,28694,28704,28654,28674,1430,0,7,02:00:00
2022.01.13,18:00:00,28534,28559,28504,28554,2206,0,7,01:00:00
2022.01.13,18:30:00,28554,28569,28537,28549,1276,0,7,01:30:00
2022.01.13,19:00:00,28549,28549,28414,28419,2021,0,7,02:00:00
2022.01.14,18:00:00,28149,28179,28094,28134,2744,0,7,01:00:00
2022.01.14,18:30:00,28134,28219,28114,28204,2635,0,7,01:30:00
2022.01.14,19:00:00,28204,28224,28179,28209,1597,0,7,02:00:00
2022.01.17,18:00:00,28404,28409,28394,28399,204,0,7,01:00:00
2022.01.17,18:30:00,28399,28404,28389,28389,262,0,7,01:30:00
2022.01.17,19:00:00,28389,28404,28384,28394,273,0,7,02:00:00
2022.01.18,18:00:00,28079,28099,28049,28049,2334,0,7,01:00:00
2022.01.18,18:30:00,28049,28099,28004,28079,1707,0,7,01:30:00
2022.01.18,19:00:00,28079,28084,28004,28019,1281,0,7,02:00:00
2022.01.19,18:00:00,27699,27714,27609,27654,2298,0,7,01:00:00
2022.01.19,18:30:00,27654,27739,27634,27732,2675,0,7,01:30:00
2022.01.19,19:00:00,27729,27812,27729,27809,1599,0,7,02:00:00
2022.01.20,18:00:00,27914,27944,27879,27904,1148,0,7,01:00:00
2022.01.20,18:30:00,27904,27929,27884,27909,1337,0,7,01:30:00
2022.01.20,19:00:00,27909,27934,27899,27934,1067,0,7,02:00:00
2022.01.21,18:00:00,27544,27624,27494,27584,4448,0,7,01:00:00
2022.01.21,18:30:00,27584,27589,27444,27494,4028,0,4,01:30:00
2022.01.21,19:00:00,27494,27509,27419,27464,3743,0,7,02:00:00
2022.01.24,18:00:00,27125,27132,26997,27037,5065,0,7,01:00:00
2022.01.24,18:30:00,27037,27055,26792,26922,4825,0,7,01:30:00
2022.01.24,19:00:00,26922,26922,26697,26782,5106,0,7,02:00:00
2022.01.25,18:00:00,27002,27067,26952,27037,4790,0,7,01:00:00
2022.01.25,18:30:00,27037,27055,26942,26967,4011,0,7,01:30:00
2022.01.25,19:00:00,26967,27042,26957,27025,3883,0,7,02:00:00
2022.01.26,18:00:00,27157,27227,27127,27202,3000,0,7,01:00:00
2022.01.26,18:30:00,27202,27232,27152,27207,2539,0,7,01:30:00
2022.01.26,19:00:00,27210,27262,27197,27260,1734,0,7,02:00:00
2022.01.27,18:00:00,26737,26777,26665,26692,3389,0,7,01:00:00
2022.01.27,18:30:00,26692,26782,26677,26772,3547,0,7,01:30:00
2022.01.27,19:00:00,26775,26780,26612,26640,2934,0,7,02:00:00
2022.01.28,18:00:00,26461,26576,26416,26546,3322,0,7,01:00:00
2022.01.28,18:30:00,26546,26626,26516,26621,3023,0,7,01:30:00
2022.01.28,19:00:00,26621,26661,26551,26561,2353,0,7,02:00:00
2022.01.31,18:00:00,27023,27038,26938,26948,2301,0,7,01:00:00
2022.01.31,18:30:00,26948,27111,26946,27108,1885,0,7,01:30:00
2022.01.31,19:00:00,27108,27128,27073,27098,1290,0,7,02:00:00
2022.02.01,18:00:00,27087,27137,27082,27102,1822,0,7,01:00:00
2022.02.01,18:30:00,27102,27147,27067,27132,1852,0,7,01:30:00
2022.02.01,19:00:00,27132,27137,27057,27077,1576,0,7,02:00:00
2022.02.02,18:00:00,27424,27434,27351,27371,2207,0,7,01:00:00
2022.02.02,18:30:00,27374,27394,27321,27391,1560,0,7,01:30:00
2022.02.02,19:00:00,27391,27431,27371,27386,1060,0,7,02:00:00
2022.02.03,18:00:00,27236,27276,27176,27186,2448,0,7,01:00:00
2022.02.03,18:30:00,27186,27196,27146,27146,2254,0,7,01:30:00
2022.02.03,19:00:00,27146,27164,27109,27146,2249,0,1,02:00:00
2022.02.04,18:00:00,27191,27244,27151,27221,3298,0,7,01:00:00
2022.02.04,18:30:00,27224,27296,27211,27256,2804,0,7,01:30:00
2022.02.04,19:00:00,27256,27286,27231,27281,2236,0,7,02:00:00
2022.02.07,18:00:00,27291,27304,27256,27271,2245,0,7,01:00:00
2022.02.07,18:30:00,27271,27276,27191,27231,2316,0,7,01:30:00
2022.02.07,19:00:00,27231,27241,27206,27216,1977,0,7,02:00:00
2022.02.08,18:00:00,27301,27351,27299,27337,2012,0,1,01:00:00
2022.02.08,18:30:00,27337,27381,27331,27376,1726,0,1,01:30:00
2022.02.08,19:00:00,27376,27386,27346,27366,1409,0,7,02:00:00
2022.02.09,18:00:00,27726,27731,27676,27686,1207,0,7,01:00:00
2022.02.09,18:30:00,27686,27704,27671,27691,1473,0,7,01:30:00
2022.02.09,19:00:00,27691,27706,27666,27694,1230,0,7,02:00:00
2022.02.10,18:00:00,27666,27676,27606,27641,2894,0,7,01:00:00
2022.02.10,18:30:00,27641,27686,27611,27681,2310,0,7,01:30:00
2022.02.10,19:00:00,27681,27691,27656,27681,1773,0,5,02:00:00
2022.02.11,18:00:00,27371,27429,27321,27331,1860,0,7,01:00:00
2022.02.11,18:30:00,27331,27366,27294,27346,1833,0,7,01:30:00
2022.02.11,19:00:00,27344,27366,27309,27336,1479,0,7,02:00:00
2022.02.14,18:00:00,26986,27066,26961,27051,3744,0,1,01:00:00
2022.02.14,18:30:00,27051,27106,27033,27091,2965,0,1,01:30:00
2022.02.14,19:00:00,27091,27121,27075,27121,2215,0,1,02:00:00
2022.02.15,18:00:00,27360,27386,27341,27351,1650,0,2,01:00:00
2022.02.15,18:30:00,27351,27406,27348,27401,1552,0,2,01:30:00
2022.02.15,19:00:00,27401,27411,27330,27360,1527,0,2,02:00:00
2022.02.16,18:00:00,27300,27355,27300,27345,1820,0,7,01:00:00
2022.02.16,18:30:00,27345,27350,27310,27325,1586,0,7,01:30:00
2022.02.16,19:00:00,27325,27340,27315,27320,983,0,7,02:00:00
2022.02.17,18:00:00,27090,27115,27075,27105,1729,0,7,01:00:00
2022.02.17,18:30:00,27105,27125,27075,27098,1946,0,7,01:30:00
2022.02.17,19:00:00,27100,27110,27075,27095,1562,0,7,02:00:00
2022.02.18,18:00:00,26898,26905,26810,26880,3544,0,7,01:00:00
2022.02.18,18:30:00,26880,26915,26805,26818,2694,0,7,01:30:00
2022.02.18,19:00:00,26815,26895,26808,26855,2947,0,7,02:00:00
2022.02.21,18:00:00,26690,26695,26645,26650,1725,0,7,01:00:00
2022.02.21,18:30:00,26650,26675,26620,26635,1361,0,7,01:30:00
2022.02.21,19:00:00,26635,26665,26615,26623,983,0,7,02:00:00
2022.02.22,18:00:00,26755,26795,26700,26710,3427,0,7,01:00:00
2022.02.22,18:30:00,26710,26775,26678,26715,3384,0,7,01:30:00
2022.02.22,19:00:00,26715,26750,26688,26695,2378,0,7,02:00:00
2022.02.23,18:00:00,26560,26570,26505,26535,2050,0,7,01:00:00
2022.02.23,18:30:00,26535,26635,26510,26613,1892,0,7,01:30:00
2022.02.23,19:00:00,26613,26678,26585,26670,1459,0,7,02:00:00
2022.02.24,18:00:00,25720,25820,25690,25750,4844,0,7,01:00:00
2022.02.24,18:30:00,25753,25790,25700,25783,4424,0,7,01:30:00
2022.02.24,19:00:00,25780,25790,25670,25715,3304,0,7,02:00:00
2022.02.25,18:00:00,26769,26862,26749,26844,3068,0,7,01:00:00
2022.02.25,18:30:00,26844,26864,26804,26859,2502,0,7,01:30:00
2022.02.25,19:00:00,26862,26899,26849,26894,1886,0,7,02:00:00
2022.02.28,18:00:00,26849,26909,26804,26884,2563,0,7,01:00:00
2022.02.28,18:30:00,26884,26899,26779,26834,3035,0,7,01:30:00
2022.02.28,19:00:00,26834,26844,26674,26709,2387,0,7,02:00:00
2022.03.01,18:00:00,26649,26684,26584,26609,3315,0,7,01:00:00
2022.03.01,18:30:00,26609,26614,26492,26504,3748,0,7,01:30:00
2022.03.01,19:00:00,26504,26519,26424,26509,2750,0,7,02:00:00
2022.03.02,18:00:00,26509,26669,26489,26629,4126,0,7,01:00:00
2022.03.02,18:30:00,26629,26677,26544,26574,3396,0,7,01:30:00
2022.03.02,19:00:00,26574,26637,26569,26597,2225,0,7,02:00:00
2022.03.03,18:00:00,26369,26414,26314,26389,2333,0,7,01:00:00
2022.03.03,18:30:00,26389,26399,26312,26364,2155,0,7,01:30:00
2022.03.03,19:00:00,26364,26414,26327,26334,2343,0,7,02:00:00
2022.03.04,18:00:00,25787,25817,25747,25787,2464,0,7,01:00:00
2022.03.04,18:30:00,25787,25802,25722,25772,2910,0,7,01:30:00
2022.03.04,19:00:00,25772,25892,25747,25860,2787,0,7,02:00:00
2022.03.07,18:00:00,25190,25307,25182,25252,2798,0,7,01:00:00
2022.03.07,18:30:00,25252,25262,25130,25142,2646,0,7,01:30:00
2022.03.07,19:00:00,25140,25162,25082,25112,2467,0,7,02:00:00
2022.03.08,18:00:00,24757,24792,24667,24702,4182,0,7,01:00:00
2022.03.08,18:30:00,24702,24802,24632,24782,3974,0,7,01:30:00
2022.03.08,19:00:00,24782,25087,24767,25037,4342,0,7,02:00:00
2022.03.09,18:00:00,25251,25263,25203,25253,2652,0,7,01:00:00
2022.03.09,18:30:00,25253,25343,25248,25323,2375,0,7,01:30:00
2022.03.09,19:00:00,25323,25383,25311,25353,2002,0,7,02:00:00
2022.03.10,18:00:00,25311,25311,25233,25256,2177,0,7,01:00:00
2022.03.10,18:30:00,25256,25298,25233,25293,2343,0,7,01:30:00
2022.03.10,19:00:00,25293,25318,25263,25311,1235,0,7,02:00:00
2022.03.11,18:00:00,25403,25408,25306,25313,2442,0,7,01:00:00
2022.03.11,18:30:00,25313,25323,25238,25266,2688,0,7,01:30:00
2022.03.11,19:00:00,25263,25293,25233,25233,2163,0,7,02:00:00
2022.03.14,18:00:00,25363,25373,25323,25373,1785,0,7,01:00:00
2022.03.14,18:30:00,25373,25383,25273,25283,1876,0,7,01:30:00
2022.03.14,19:00:00,25283,25293,25258,25268,1522,0,7,02:00:00
2022.03.15,18:00:00,25436,25548,25388,25543,2365,0,7,01:00:00
2022.03.15,18:30:00,25541,25568,25453,25508,1707,0,7,01:30:00
2022.03.15,19:00:00,25508,25523,25461,25468,1518,0,7,02:00:00
2022.03.16,18:00:00,26098,26143,26078,26108,1258,0,7,01:00:00
2022.03.16,18:30:00,26108,26133,26038,26073,1974,0,7,01:30:00
2022.03.16,19:00:00,26073,26078,25973,26028,1550,0,7,02:00:00
2022.03.17,18:00:00,26576,26641,26563,26638,1236,0,7,01:00:00
2022.03.17,18:30:00,26638,26648,26618,26638,1474,0,7,01:30:00
2022.03.17,19:00:00,26638,26658,26586,26658,1216,0,7,02:00:00
2022.03.18,18:00:00,27123,27188,27108,27188,1075,0,7,01:00:00
2022.03.18,18:30:00,27186,27253,27171,27223,1781,0,7,01:30:00
2022.03.18,19:00:00,27226,27233,27198,27233,895,0,7,02:00:00
2022.03.21,18:00:00,27353,27358,27308,27343,942,0,7,01:00:00
2022.03.21,18:30:00,27343,27343,27191,27203,1836,0,7,01:30:00
2022.03.21,19:00:00,27203,27223,27153,27188,925,0,7,02:00:00
2022.03.22,18:00:00,27628,27641,27558,27578,1353,0,7,01:00:00
2022.03.22,18:30:00,27578,27638,27561,27633,1254,0,7,01:30:00
2022.03.22,19:00:00,27633,27658,27623,27648,1429,0,7,02:00:00
2022.03.23,18:00:00,27798,27833,27728,27773,1490,0,7,01:00:00
2022.03.23,18:30:00,27773,27788,27698,27728,1403,0,7,01:30:00
2022.03.23,19:00:00,27728,27738,27633,27638,1717,0,7,02:00:00
2022.03.24,18:00:00,28183,28193,28143,28158,1338,0,7,01:00:00
2022.03.24,18:30:00,28158,28208,28133,28203,1566,0,7,01:30:00
2022.03.24,19:00:00,28203,28233,28198,28223,1371,0,7,02:00:00
2022.03.25,18:00:00,28068,28153,28058,28148,1319,0,7,01:00:00
2022.03.25,18:30:00,28148,28168,28096,28148,1521,0,7,01:30:00
2022.03.25,19:00:00,28148,28168,28123,28143,1280,0,7,02:00:00
2022.03.28,18:00:00,28133,28138,28038,28068,2583,0,7,01:00:00
2022.03.28,18:30:00,28068,28073,27958,27968,1874,0,7,01:30:00
2022.03.28,19:00:00,27966,28003,27938,27958,1261,0,7,02:00:00
2022.03.29,18:00:00,28468,28491,28436,28488,1783,0,7,01:00:00
2022.03.29,18:30:00,28488,28513,28463,28468,1485,0,7,01:30:00
2022.03.29,19:00:00,28471,28473,28363,28373,1347,0,7,02:00:00
2022.03.30,18:00:00,27958,27973,27893,27898,889,0,7,01:00:00
2022.03.30,18:30:00,27898,27958,27893,27953,1089,0,7,01:30:00
2022.03.30,19:00:00,27953,27968,27923,27943,782,0,7,02:00:00
2022.03.31,18:00:00,27798,27806,27743,27753,1359,0,7,01:00:00
2022.03.31,18:30:00,27753,27793,27743,27763,1338,0,7,01:30:00
2022.03.31,19:00:00,27761,27773,27693,27711,768,0,7,02:00:00
2022.04.01,18:00:00,27813,27841,27766,27768,1529,0,7,01:00:00
2022.04.01,18:30:00,27768,27773,27623,27641,1730,0,7,01:30:00
2022.04.01,19:00:00,27641,27646,27603,27641,1450,0,7,02:00:00
2022.04.04,18:00:00,27913,27958,27913,27951,782,0,7,01:00:00
2022.04.04,18:30:00,27948,27983,27938,27976,770,0,7,01:30:00
2022.04.04,19:00:00,27976,27976,27943,27966,620,0,7,02:00:00
2022.04.05,18:00:00,27616,27618,27558,27563,1227,0,7,01:00:00
2022.04.05,18:30:00,27566,27613,27548,27548,1429,0,7,01:30:00
2022.04.05,19:00:00,27548,27563,27493,27498,1093,0,7,02:00:00
2022.04.06,18:00:00,27063,27098,27046,27081,1312,0,7,01:00:00
2022.04.06,18:30:00,27083,27148,27063,27123,1305,0,7,01:30:00
2022.04.06,19:00:00,27123,27143,27058,27068,1006,0,7,02:00:00
2022.04.07,18:00:00,26926,26968,26876,26883,1623,0,7,01:00:00
2022.04.07,18:30:00,26883,26931,26863,26903,1328,0,7,01:30:00
2022.04.07,19:00:00,26903,26948,26901,26923,1058,0,7,02:00:00
2022.04.08,18:00:00,27133,27161,27078,27088,1122,0,7,01:00:00
2022.04.08,18:30:00,27088,27118,27076,27083,1107,0,7,01:30:00
2022.04.08,19:00:00,27083,27116,27061,27108,960,0,7,02:00:00
2022.04.11,18:00:00,26866,26868,26823,26838,880,0,7,01:00:00
2022.04.11,18:30:00,26838,26893,26833,26873,773,0,7,01:30:00
2022.04.11,19:00:00,26873,26878,26843,26848,282,0,7,02:00:00
2022.04.12,18:00:00,26478,26538,26458,26521,1401,0,7,01:00:00
2022.04.12,18:30:00,26518,26573,26511,26526,1145,0,7,01:30:00
2022.04.12,19:00:00,26528,26528,26401,26428,1374,0,7,02:00:00
2022.04.13,18:00:00,26818,26908,26813,26896,1196,0,7,01:00:00
2022.04.13,18:30:00,26898,26918,26853,26863,912,0,7,01:30:00
2022.04.13,19:00:00,26863,26883,26823,26863,758,0,7,02:00:00
2022.04.14,18:00:00,27103,27143,27088,27143,1471,0,7,01:00:00
2022.04.14,18:30:00,27143,27153,26988,26993,1527,0,7,01:30:00
2022.04.14,19:00:00,26993,27028,26966,26968,887,0,7,02:00:00
2022.04.15,18:30:00,26912,26912,26912,26912,1,0,20,01:30:00
2022.04.18,18:00:00,26898,26923,26828,26846,942,0,7,01:00:00
2022.04.18,18:30:00,26843,26863,26808,26851,811,0,7,01:30:00
2022.04.18,19:00:00,26851,26853,26783,26793,747,0,7,02:00:00
2022.04.19,18:00:00,27133,27153,27108,27113,855,0,7,01:00:00
2022.04.19,18:30:00,27113,27153,27091,27123,790,0,7,01:30:00
2022.04.19,19:00:00,27123,27163,27113,27146,607,0,7,02:00:00
2022.04.20,18:00:00,27263,27263,27173,27198,1187,0,7,01:00:00
2022.04.20,18:30:00,27198,27251,27193,27211,1122,0,7,01:30:00
2022.04.20,19:00:00,27213,27223,27163,27176,1031,0,7,02:00:00
2022.04.21,18:00:00,27613,27623,27558,27576,1433,0,7,01:00:00
2022.04.21,18:30:00,27573,27578,27468,27468,1609,0,7,01:30:00
2022.04.21,19:00:00,27468,27488,27406,27413,1372,0,7,02:00:00
2022.04.22,18:00:00,26956,27061,26956,27008,1967,0,7,01:00:00
2022.04.22,18:30:00,27011,27028,26908,26923,1442,0,7,01:30:00
2022.04.22,19:00:00,26921,26968,26898,26938,1309,0,7,02:00:00
2022.04.25,18:00:00,26473,26533,26438,26471,2929,0,7,01:00:00
2022.04.25,18:30:00,26471,26508,26398,26443,2423,0,7,01:30:00
2022.04.25,19:00:00,26443,26553,26418,26503,2817,0,7,02:00:00
2022.04.26,18:00:00,26248,26268,26193,26243,2335,0,7,01:00:00
2022.04.26,18:30:00,26243,26278,26168,26176,2078,0,7,01:30:00
2022.04.26,19:00:00,26176,26313,26176,26303,1659,0,7,02:00:00
2022.04.27,18:00:00,26353,26453,26336,26423,3453,0,7,01:00:00
2022.04.27,18:30:00,26428,26483,26398,26433,2320,0,7,01:30:00
2022.04.27,19:00:00,26433,26563,26391,26558,2261,0,7,02:00:00
2022.04.28,18:00:00,26961,27028,26943,27003,2092,0,7,01:00:00
2022.04.28,18:30:00,27006,27043,26953,26993,2042,0,7,01:30:00
2022.04.28,19:00:00,26996,27128,26968,27128,1900,0,7,02:00:00
2022.04.29,18:00:00,27188,27203,27113,27183,1430,0,7,01:00:00
2022.04.29,18:30:00,27183,27253,27163,27173,1248,0,7,01:30:00
2022.04.29,19:00:00,27173,27178,27083,27093,850,0,7,02:00:00
2022.05.02,18:00:00,26751,26763,26668,26688,3338,0,7,01:00:00
2022.05.02,18:30:00,26688,26748,26653,26748,3642,0,7,01:30:00
2022.05.02,19:00:00,26748,26781,26663,26733,2555,0,7,02:00:00
2022.05.03,18:00:00,26918,27028,26893,26993,1464,0,7,01:00:00
2022.05.03,18:30:00,26993,27043,26973,26998,1134,0,7,01:30:00
2022.05.03,19:00:00,26998,27033,26928,26968,1274,0,7,02:00:00
2022.05.04,18:00:00,26861,26873,26798,26813,790,0,7,01:00:00
2022.05.04,18:30:00,26811,26873,26778,26858,758,0,7,01:30:00
2022.05.04,19:00:00,26858,26946,26843,26943,719,0,7,02:00:00
2022.05.05,18:00:00,26883,26893,26728,26781,2092,0,7,01:00:00
2022.05.05,18:30:00,26781,26848,26683,26693,1984,0,7,01:30:00
2022.05.05,19:00:00,26693,26793,26633,26768,2725,0,7,02:00:00
2022.05.06,18:00:00,26921,26975,26840,26931,2961,0,1,01:00:00
2022.05.06,18:30:00,26931,26950,26786,26792,2730,0,1,01:30:00
2022.05.06,19:00:00,26793,26916,26781,26880,3285,0,1,02:00:00
2022.05.09,18:00:00,26103,26128,26028,26031,2785,0,7,01:00:00
2022.05.09,18:30:00,26028,26168,25993,26151,2581,0,7,01:30:00
2022.05.09,19:00:00,26148,26238,26088,26178,2823,0,7,02:00:00
2022.05.10,18:00:00,26078,26113,25981,26018,3981,0,7,01:00:00
2022.05.10,18:30:00,26021,26078,25963,26018,4294,0,7,01:30:00
2022.05.10,19:00:00,26018,26053,25953,25968,3737,0,7,02:00:00
2022.05.11,18:00:00,26273,26293,26213,26273,3431,0,7,01:00:00
2022.05.11,18:30:00,26271,26381,26261,26278,3137,0,7,01:30:00
2022.05.11,19:00:00,26278,26286,26138,26151,2243,0,7,02:00:00
2022.05.12,18:00:00,25818,25903,25783,25818,3652,0,7,01:00:00
2022.05.12,18:30:00,25818,25828,25663,25668,3622,0,7,01:30:00
2022.05.12,19:00:00,25666,25763,25643,25748,3369,0,7,02:00:00
2022.05.13,18:00:00,26578,26603,26548,26598,2066,0,7,01:00:00
2022.05.13,18:30:00,26601,26618,26558,26608,1811,0,7,01:30:00
2022.05.13,19:00:00,26608,26678,26601,26653,1277,0,7,02:00:00
2022.05.16,18:00:00,26436,26488,26423,26476,2154,0,7,01:00:00
2022.05.16,18:30:00,26478,26558,26438,26546,2370,0,7,01:30:00
2022.05.16,19:00:00,26543,26561,26463,26483,1843,0,7,02:00:00
2022.05.17,18:00:00,26713,26768,26703,26766,1257,0,7,01:00:00
2022.05.17,18:30:00,26763,26783,26743,26771,1229,0,7,01:30:00
2022.05.17,19:00:00,26773,26803,26733,26783,1434,0,7,02:00:00
2022.05.18,18:00:00,26688,26688,26508,26518,1991,0,7,01:00:00
2022.05.18,18:30:00,26518,26556,26478,26483,2083,0,7,01:30:00
2022.05.18,19:00:00,26483,26506,26451,26473,1852,0,7,02:00:00
2022.05.19,18:00:00,26353,26388,26303,26363,2724,0,7,01:00:00
2022.05.19,18:30:00,26366,26548,26358,26503,2498,0,7,01:30:00
2022.05.19,19:00:00,26503,26538,26443,26488,2041,0,7,02:00:00
2022.05.20,18:00:00,26678,26688,26598,26633,2878,0,7,01:00:00
2022.05.20,18:30:00,26633,26673,26588,26608,2389,0,7,01:30:00
2022.05.20,19:00:00,26608,26623,26498,26526,2428,0,7,02:00:00
2022.05.23,18:00:00,26971,27048,26958,27043,2279,0,7,01:00:00
2022.05.23,18:30:00,27046,27108,27038,27086,1908,0,7,01:30:00
2022.05.23,19:00:00,27086,27143,27068,27093,1616,0,7,02:00:00
2022.05.24,18:00:00,26548,26586,26508,26563,2205,0,7,01:00:00
2022.05.24,18:30:00,26563,26643,26533,26603,2185,0,7,01:30:00
2022.05.24,19:00:00,26606,26711,26593,26628,2057,0,7,02:00:00
2022.05.25,18:00:00,26721,26743,26688,26723,1662,0,7,01:00:00
2022.05.25,18:30:00,26721,26738,26658,26723,1830,0,7,01:30:00
2022.05.25,19:00:00,26723,26743,26648,26678,1524,0,7,02:00:00
2022.05.26,18:00:00,26903,26951,26898,26923,1207,0,7,01:00:00
2022.05.26,18:30:00,26923,26938,26886,26923,1276,0,7,01:30:00
2022.05.26,19:00:00,26923,26988,26913,26988,753,0,7,02:00:00
2022.05.27,18:00:00,27043,27073,27008,27073,1299,0,7,01:00:00
2022.05.27,18:30:00,27073,27088,27063,27083,979,0,7,01:30:00
2022.05.27,19:00:00,27083,27098,27063,27068,652,0,7,02:00:00
